youtuber_name,playlist_title,playlist_url,video_title,video_address,video_thumbnail
PONY Syndrome,ğŸ’œí¬ë‹ˆì•¼ë¶€íƒí•´ğŸ’œ PONY ON-AIR,https://www.youtube.com/playlist?list=PLj6FeOwWCFCpRu9NzS8yxnATeOBJnfnph,ğŸ’œí¬ë‹ˆì•¼ë¶€íƒí•´ğŸ’œ í‹°ì ¸ / 'PONY ON-AIR' TEASER (With subs),https://www.youtube.com/watch?v=Gf70DmLChhM&index=2&list=PLj6FeOwWCFCpRu9NzS8yxnATeOBJnfnph&t=0s,https://i.ytimg.com/vi/Gf70DmLChhM/maxresdefault.jpg
PONY Syndrome,ğŸ’œí¬ë‹ˆì•¼ë¶€íƒí•´ğŸ’œ PONY ON-AIR,https://www.youtube.com/playlist?list=PLj6FeOwWCFCpRu9NzS8yxnATeOBJnfnph,ğŸ’œí¬ë‹ˆì•¼ë¶€íƒí•´ğŸ’œ 1í™” 'ë†ì‚¬ë¥¼ ë¶€íƒí•´' / 'PONY ON-AIR'  EP-01 (With subs),https://www.youtube.com/watch?v=1X8LmP7OeL8&index=3&list=PLj6FeOwWCFCpRu9NzS8yxnATeOBJnfnph&t=0s,https://i.ytimg.com/vi/1X8LmP7OeL8/maxresdefault.jpg
PONY Syndrome,ğŸ’œí¬ë‹ˆì•¼ë¶€íƒí•´ğŸ’œ PONY ON-AIR,https://www.youtube.com/playlist?list=PLj6FeOwWCFCpRu9NzS8yxnATeOBJnfnph,ğŸ’œí¬ë‹ˆì•¼ë¶€íƒí•´ğŸ’œ  2í™” 'ë†ì‚¬ë¥¼ ë¶€íƒí•´' / 'PONY ON-AIR'  EP-02 (With subs),https://www.youtube.com/watch?v=dBniz5wq4XY&index=4&list=PLj6FeOwWCFCpRu9NzS8yxnATeOBJnfnph&t=0s,https://i.ytimg.com/vi/dBniz5wq4XY/maxresdefault.jpg
PONY Syndrome,ğŸ’œí¬ë‹ˆì•¼ë¶€íƒí•´ğŸ’œ PONY ON-AIR,https://www.youtube.com/playlist?list=PLj6FeOwWCFCpRu9NzS8yxnATeOBJnfnph,ğŸ’œí¬ë‹ˆì•¼ë¶€íƒí•´ğŸ’œ 3í™” 'ê°€ì¡±ì‚¬ì§„ì„ ë¶€íƒí•´' / 'PONY ON-AIR'  EP-03 (With subs),https://www.youtube.com/watch?v=6f24_0H__tU&index=5&list=PLj6FeOwWCFCpRu9NzS8yxnATeOBJnfnph&t=0s,https://i.ytimg.com/vi/6f24_0H__tU/maxresdefault.jpg
PONY Syndrome,ğŸ’œí¬ë‹ˆì•¼ë¶€íƒí•´ğŸ’œ PONY ON-AIR,https://www.youtube.com/playlist?list=PLj6FeOwWCFCpRu9NzS8yxnATeOBJnfnph,ğŸ’œí¬ë‹ˆì•¼ë¶€íƒí•´ğŸ’œ 4í™” 'ê°€ì¡±ì‚¬ì§„ì„ ë¶€íƒí•´' / 'PONY ON-AIR'  EP-04 (With subs),https://www.youtube.com/watch?v=FXPmjNWR2xo&index=6&list=PLj6FeOwWCFCpRu9NzS8yxnATeOBJnfnph&t=0s,https://i.ytimg.com/vi/FXPmjNWR2xo/maxresdefault.jpg
PONY Syndrome,ğŸ’œí¬ë‹ˆì•¼ë¶€íƒí•´ğŸ’œ PONY ON-AIR,https://www.youtube.com/playlist?list=PLj6FeOwWCFCpRu9NzS8yxnATeOBJnfnph,ğŸ’œí¬ë‹ˆì•¼ë¶€íƒí•´ğŸ’œ 5í™” 'í•œêµ­ ì¹œêµ¬ê°€ ë¼ì£¼ê¸¸ ë¶€íƒí•´' / 'PONY ON-AIR'  EP-05 (With subs),https://www.youtube.com/watch?v=UZlI0Ow-20s&index=7&list=PLj6FeOwWCFCpRu9NzS8yxnATeOBJnfnph&t=0s,https://i.ytimg.com/vi/UZlI0Ow-20s/maxresdefault.jpg
PONY Syndrome,ğŸ’œí¬ë‹ˆì•¼ë¶€íƒí•´ğŸ’œ PONY ON-AIR,https://www.youtube.com/playlist?list=PLj6FeOwWCFCpRu9NzS8yxnATeOBJnfnph,ğŸ’œí¬ë‹ˆì•¼ë¶€íƒí•´ğŸ’œ 6í™” 'í•œêµ­ ì¹œêµ¬ê°€ ë¼ì£¼ê¸¸ ë¶€íƒí•´' / 'PONY ON-AIR'  EP-06 (With subs),https://www.youtube.com/watch?v=s1DjRT82fMc&index=8&list=PLj6FeOwWCFCpRu9NzS8yxnATeOBJnfnph&t=0s,https://i.ytimg.com/vi/s1DjRT82fMc/maxresdefault.jpg
PONY Syndrome,ğŸ’œí¬ë‹ˆì•¼ë¶€íƒí•´ğŸ’œ PONY ON-AIR,https://www.youtube.com/playlist?list=PLj6FeOwWCFCpRu9NzS8yxnATeOBJnfnph,ğŸ’œí¬ë‹ˆì•¼ë¶€íƒí•´ğŸ’œ 7í™” 'ìœ¡ì•„ ìŠ¤íŠ¸ë ˆìŠ¤ë¥¼ ë¶€íƒí•´' / 'PONY ON-AIR' EP-07 (With subs),https://www.youtube.com/watch?v=YP7aTW35zRQ&index=9&list=PLj6FeOwWCFCpRu9NzS8yxnATeOBJnfnph&t=0s,https://i.ytimg.com/vi/YP7aTW35zRQ/maxresdefault.jpg
PONY Syndrome,ğŸ’œí¬ë‹ˆì•¼ë¶€íƒí•´ğŸ’œ PONY ON-AIR,https://www.youtube.com/playlist?list=PLj6FeOwWCFCpRu9NzS8yxnATeOBJnfnph,ğŸ’œí¬ë‹ˆì•¼ë¶€íƒí•´ğŸ’œ ë§ˆì§€ë§‰ í™” 'ìœ¡ì•„ ìŠ¤íŠ¸ë ˆìŠ¤ë¥¼ ë¶€íƒí•´' / 'PONY ON-AIR' EP-08 (With subs),https://www.youtube.com/watch?v=KFgLQHBhAoc&index=10&list=PLj6FeOwWCFCpRu9NzS8yxnATeOBJnfnph&t=0s,https://i.ytimg.com/vi/KFgLQHBhAoc/maxresdefault.jpg
PONY Syndrome,PONY The Globetrotter,https://www.youtube.com/playlist?list=PLj6FeOwWCFCpPVT0Ib_Y21LGG-vwY5VFL,PONY THE GLOBETROTTER + GRWM (With subs) - TOKYO í¬ë‹ˆ ë” ê¸€ë¡œë¸Œ íŠ¸ë¡¯í„° + ì´ê°€ë¦¬ ë©”ì´í¬ì—… ê²Ÿë ˆë””ìœ—ë¯¸ - ë„ì¿„ í¸,https://www.youtube.com/watch?v=708m0DBcsaM&index=2&t=0s&list=PLj6FeOwWCFCpPVT0Ib_Y21LGG-vwY5VFL,https://i.ytimg.com/vi/708m0DBcsaM/maxresdefault.jpg
PONY Syndrome,PONY The Globetrotter,https://www.youtube.com/playlist?list=PLj6FeOwWCFCpPVT0Ib_Y21LGG-vwY5VFL,PONY THE GLOBETROTTER + GRWM (With subs) - LA í¬ë‹ˆ ë” ê¸€ë¡œë¸Œ íŠ¸ë¡¯í„° + ê²Ÿë ˆë””ìœ—ë¯¸ - ì—˜ì—ì´ í¸,https://www.youtube.com/watch?v=qbBGJY0wFFc&index=3&t=0s&list=PLj6FeOwWCFCpPVT0Ib_Y21LGG-vwY5VFL,https://i.ytimg.com/vi/qbBGJY0wFFc/maxresdefault.jpg
PONY Syndrome,PONY The Globetrotter,https://www.youtube.com/playlist?list=PLj6FeOwWCFCpPVT0Ib_Y21LGG-vwY5VFL,PONY THE GLOBETROTTER + GRWM (With subs) - BANGKOK í¬ë‹ˆ ë” ê¸€ë¡œë¸Œ íŠ¸ë¡¯í„° + ìŠ¤íŒŒí´ë§ ë©”ì´í¬ì—… ê²Ÿë ˆë””ìœ—ë¯¸ - ë°©ì½• í¸,https://www.youtube.com/watch?v=q-6qSyWrMxE&index=4&t=0s&list=PLj6FeOwWCFCpPVT0Ib_Y21LGG-vwY5VFL,https://i.ytimg.com/vi/q-6qSyWrMxE/maxresdefault.jpg
PONY Syndrome,PONY The Globetrotter,https://www.youtube.com/playlist?list=PLj6FeOwWCFCpPVT0Ib_Y21LGG-vwY5VFL,PONY THE GLOBETROTTER + GRWM (With subs) - New York í¬ë‹ˆ ë” ê¸€ë¡œë¸Œ íŠ¸ë¡¯í„° + ê²Ÿë ˆë””ìœ—ë¯¸ - ë‰´ìš• í¸,https://www.youtube.com/watch?v=sJVMRcr-eug&index=5&t=0s&list=PLj6FeOwWCFCpPVT0Ib_Y21LGG-vwY5VFL,https://i.ytimg.com/vi/sJVMRcr-eug/maxresdefault.jpg
PONY Syndrome,PONY The Globetrotter,https://www.youtube.com/playlist?list=PLj6FeOwWCFCpPVT0Ib_Y21LGG-vwY5VFL,PONY THE GLOBETROTTER + Soft Smoky Makeup (With subs) - Hong Kong  í¬ë‹ˆ ë” ê¸€ë¡œë¸Œ íŠ¸ë¡¯í„°  - í™ì½© í¸,https://www.youtube.com/watch?v=7dVT6Emo2MY&index=6&t=0s&list=PLj6FeOwWCFCpPVT0Ib_Y21LGG-vwY5VFL,https://i.ytimg.com/vi/7dVT6Emo2MY/maxresdefault.jpg
PONY Syndrome,PONY The Globetrotter,https://www.youtube.com/playlist?list=PLj6FeOwWCFCpPVT0Ib_Y21LGG-vwY5VFL,PONY THE GLOBETROTTER + GRWM (With subs) - Milan í¬ë‹ˆ ë” ê¸€ë¡œë¸Œ íŠ¸ë¡¯í„° - ë°€ë¼ë…¸ í¸,https://www.youtube.com/watch?v=pcmbmC9cUUY&index=7&t=0s&list=PLj6FeOwWCFCpPVT0Ib_Y21LGG-vwY5VFL,https://i.ytimg.com/vi/pcmbmC9cUUY/maxresdefault.jpg
PONY Syndrome,PONY The Globetrotter,https://www.youtube.com/playlist?list=PLj6FeOwWCFCpPVT0Ib_Y21LGG-vwY5VFL,PONY THE GLOBETROTTER + GRWM (With subs) L.A. Rose Gold Makeup ë¡œì¦ˆê³¨ë“œ ë©”ì´í¬ì—… - ì—˜ì—ì´í¸,https://www.youtube.com/watch?v=VyBj8hd5Sig&index=8&t=0s&list=PLj6FeOwWCFCpPVT0Ib_Y21LGG-vwY5VFL,https://i.ytimg.com/vi/VyBj8hd5Sig/maxresdefault.jpg
PONY Syndrome,PONY The Globetrotter,https://www.youtube.com/playlist?list=PLj6FeOwWCFCpPVT0Ib_Y21LGG-vwY5VFL,ğŸŒº Coachella Festival Make up (With subs) Palm Springs  ì½”ì²¼ë¼ í˜ìŠ¤í‹°ë²Œ ë©”ì´í¬ì—…ğŸŒ™ğŸ”® - íŒœìŠ¤í”„ë§ìŠ¤ í¸,https://www.youtube.com/watch?v=tE4j5v4fPUM&index=9&t=0s&list=PLj6FeOwWCFCpPVT0Ib_Y21LGG-vwY5VFL,https://i.ytimg.com/vi/tE4j5v4fPUM/maxresdefault.jpg
PONY Syndrome,PONY The Globetrotter,https://www.youtube.com/playlist?list=PLj6FeOwWCFCpPVT0Ib_Y21LGG-vwY5VFL,PONY THE GLOBETROTTER + GRWM (With subs) Sydney ì‹œë“œë‹ˆ GRWM,https://www.youtube.com/watch?v=8W29fPyz638&index=10&t=0s&list=PLj6FeOwWCFCpPVT0Ib_Y21LGG-vwY5VFL,https://i.ytimg.com/vi/8W29fPyz638/maxresdefault.jpg
PONY Syndrome,PONY The Globetrotter,https://www.youtube.com/playlist?list=PLj6FeOwWCFCpPVT0Ib_Y21LGG-vwY5VFL,PONY THE GLOBETROTTER + GRWM (With subs) Kuala Lumpur ì¿ ì•Œë¼ë£¸í‘¸ë¥´ GRWM,https://www.youtube.com/watch?v=lAO1wHWH4zY&index=11&t=0s&list=PLj6FeOwWCFCpPVT0Ib_Y21LGG-vwY5VFL,https://i.ytimg.com/vi/lAO1wHWH4zY/maxresdefault.jpg
PONY Syndrome,PONY The Globetrotter,https://www.youtube.com/playlist?list=PLj6FeOwWCFCpPVT0Ib_Y21LGG-vwY5VFL,PONY THE GLOBETROTTER + GRWM (With subs) Berlin ë² ë¥¼ë¦° GRWM,https://www.youtube.com/watch?v=NRa6YGhT2kU&index=12&t=0s&list=PLj6FeOwWCFCpPVT0Ib_Y21LGG-vwY5VFL,https://i.ytimg.com/vi/NRa6YGhT2kU/maxresdefault.jpg
PONY Syndrome,Get Ready With Me!,https://www.youtube.com/playlist?list=PLj6FeOwWCFCouYXKJ1yD7FYqXznpQveQP,Instagram Make up (With subs) Singapore Trip Makeup Tutorial ì¸ìŠ¤íƒ€ ë©”ì´í¬ì—…-ì‹±ê°€í´ ì¶œì¥ ë©”ì´í¬ì—…,https://www.youtube.com/watch?v=bNYNbGKGcbw&list=PLj6FeOwWCFCouYXKJ1yD7FYqXznpQveQP&index=2&t=0s,https://i.ytimg.com/vi/bNYNbGKGcbw/maxresdefault.jpg
PONY Syndrome,Get Ready With Me!,https://www.youtube.com/playlist?list=PLj6FeOwWCFCouYXKJ1yD7FYqXznpQveQP,China Trip Makeup Tutorial (With subs) Â ì¤‘êµ­ ì¶œì¥ ë©”ì´í¬ì—…,https://www.youtube.com/watch?v=aX82NyAMbV4&list=PLj6FeOwWCFCouYXKJ1yD7FYqXznpQveQP&index=3&t=0s,https://i.ytimg.com/vi/aX82NyAMbV4/maxresdefault.jpg
PONY Syndrome,Get Ready With Me!,https://www.youtube.com/playlist?list=PLj6FeOwWCFCouYXKJ1yD7FYqXznpQveQP,Singapore Trip â€˜get ready with meâ€™! (With subs) ì‹±ê°€í´ ì¶œì¥ ê²Ÿë ˆë””ìœ—ë¯¸!,https://www.youtube.com/watch?v=72ClsmFzWWo&list=PLj6FeOwWCFCouYXKJ1yD7FYqXznpQveQP&index=4&t=0s,https://i.ytimg.com/vi/72ClsmFzWWo/maxresdefault.jpg
PONY Syndrome,Get Ready With Me!,https://www.youtube.com/playlist?list=PLj6FeOwWCFCouYXKJ1yD7FYqXznpQveQP,Shanghai Trip â€˜get ready with meâ€™ (With subs) ì¤‘êµ­ ìƒí•´ ì¶œì¥ ê²Ÿë ˆë””ìœ—ë¯¸! GRWM,https://www.youtube.com/watch?v=Gqa9svhOHCo&list=PLj6FeOwWCFCouYXKJ1yD7FYqXznpQveQP&index=5&t=0s,https://i.ytimg.com/vi/Gqa9svhOHCo/maxresdefault.jpg
PONY Syndrome,Get Ready With Me!,https://www.youtube.com/playlist?list=PLj6FeOwWCFCouYXKJ1yD7FYqXznpQveQP,Apricot Make UpğŸ‘ (With subs) ì‚´êµ¬ ë©”ì´í¬ì—…,https://www.youtube.com/watch?v=AvK3g2Va-2c&list=PLj6FeOwWCFCouYXKJ1yD7FYqXznpQveQP&index=6&t=0s,https://i.ytimg.com/vi/AvK3g2Va-2c/maxresdefault.jpg
PONY Syndrome,Get Ready With Me!,https://www.youtube.com/playlist?list=PLj6FeOwWCFCouYXKJ1yD7FYqXznpQveQP,Natural Make up (With subs) ë‚´ì¶”ëŸ´ ë©”ì´í¬ì—…,https://www.youtube.com/watch?v=tRUGnDVnI60&list=PLj6FeOwWCFCouYXKJ1yD7FYqXznpQveQP&index=7&t=0s,https://i.ytimg.com/vi/tRUGnDVnI60/maxresdefault.jpg
PONY Syndrome,Get Ready With Me!,https://www.youtube.com/playlist?list=PLj6FeOwWCFCouYXKJ1yD7FYqXznpQveQP,Tokyo Trip GRWM (With subs) í‚¤ë¼í‚¤ë¼ ì´ê°€ë¦¬ ë©”ì´í¬ì—… (ìˆ™ì·¨ë©”ì´í¬ì—…),https://www.youtube.com/watch?v=VM9_5yI4mfQ&list=PLj6FeOwWCFCouYXKJ1yD7FYqXznpQveQP&index=8&t=0s,https://i.ytimg.com/vi/VM9_5yI4mfQ/maxresdefault.jpg
PONY Syndrome,Get Ready With Me!,https://www.youtube.com/playlist?list=PLj6FeOwWCFCouYXKJ1yD7FYqXznpQveQP,[ë¹„ê³µê°œ ë™ì˜ìƒ],https://www.youtube.com/watch?v=hOxlj8SCrTo&list=PLj6FeOwWCFCouYXKJ1yD7FYqXznpQveQP&index=9,https://s.ytimg.com/yts/img/no_thumbnail-vfl4t3-4R.jpg
PONY Syndrome,Get Ready With Me!,https://www.youtube.com/playlist?list=PLj6FeOwWCFCouYXKJ1yD7FYqXznpQveQP,Osaka Trip GRWM (With subs) ìˆ˜ì±„í™” ì¹˜í¬ ë©”ì´í¬ì—…,https://www.youtube.com/watch?v=NNt-SgXJzxo&list=PLj6FeOwWCFCouYXKJ1yD7FYqXznpQveQP&index=10&t=0s,https://i.ytimg.com/vi/NNt-SgXJzxo/maxresdefault.jpg
PONY Syndrome,Get Ready With Me!,https://www.youtube.com/playlist?list=PLj6FeOwWCFCouYXKJ1yD7FYqXznpQveQP,PONY THE GLOBETROTTER + GRWM (With subs) - TOKYO í¬ë‹ˆ ë” ê¸€ë¡œë¸Œ íŠ¸ë¡¯í„° + ì´ê°€ë¦¬ ë©”ì´í¬ì—… ê²Ÿë ˆë””ìœ—ë¯¸ - ë„ì¿„ í¸,https://www.youtube.com/watch?v=708m0DBcsaM&list=PLj6FeOwWCFCouYXKJ1yD7FYqXznpQveQP&index=11&t=0s,https://i.ytimg.com/vi/708m0DBcsaM/maxresdefault.jpg
PONY Syndrome,Get Ready With Me!,https://www.youtube.com/playlist?list=PLj6FeOwWCFCouYXKJ1yD7FYqXznpQveQP,Pony in LA,https://www.youtube.com/watch?v=JMClWKtLndY&list=PLj6FeOwWCFCouYXKJ1yD7FYqXznpQveQP&index=12&t=0s,https://i.ytimg.com/vi/JMClWKtLndY/maxresdefault.jpg
PONY Syndrome,Get Ready With Me!,https://www.youtube.com/playlist?list=PLj6FeOwWCFCouYXKJ1yD7FYqXznpQveQP,PONY THE GLOBETROTTER + GRWM (With subs) - LA í¬ë‹ˆ ë” ê¸€ë¡œë¸Œ íŠ¸ë¡¯í„° + ê²Ÿë ˆë””ìœ—ë¯¸ - ì—˜ì—ì´ í¸,https://www.youtube.com/watch?v=qbBGJY0wFFc&list=PLj6FeOwWCFCouYXKJ1yD7FYqXznpQveQP&index=13&t=0s,https://i.ytimg.com/vi/qbBGJY0wFFc/maxresdefault.jpg
PONY Syndrome,Get Ready With Me!,https://www.youtube.com/playlist?list=PLj6FeOwWCFCouYXKJ1yD7FYqXznpQveQP,Instagram Live broadcast Make up (With subs) ì¸ìŠ¤íƒ€ê·¸ë¨ ë¼ì´ë¸Œ ë°©ì†¡ ë©”ì´í¬ì—…,https://www.youtube.com/watch?v=9sfdPfojPmY&list=PLj6FeOwWCFCouYXKJ1yD7FYqXznpQveQP&index=14&t=0s,https://i.ytimg.com/vi/9sfdPfojPmY/maxresdefault.jpg
PONY Syndrome,Get Ready With Me!,https://www.youtube.com/playlist?list=PLj6FeOwWCFCouYXKJ1yD7FYqXznpQveQP,ğŸ’—Heartbeat Makeup (With subs) ë‘ê·¼ë‘ê·¼ ë©”ì´í¬ì—…,https://www.youtube.com/watch?v=B3eF7RP0VvM&list=PLj6FeOwWCFCouYXKJ1yD7FYqXznpQveQP&index=15&t=0s,https://i.ytimg.com/vi/B3eF7RP0VvM/maxresdefault.jpg
PONY Syndrome,Get Ready With Me!,https://www.youtube.com/playlist?list=PLj6FeOwWCFCouYXKJ1yD7FYqXznpQveQP,10ë…„ ì „ í¬ë‹ˆ ë©”ì´í¬ì—… ë”°ë¼í•˜ê¸°!Â (With Subs) Following Ponyâ€™s Makeup from 10 years ago,https://www.youtube.com/watch?v=hgutyYNVK2Q&list=PLj6FeOwWCFCouYXKJ1yD7FYqXznpQveQP&index=16&t=0s,https://i.ytimg.com/vi/hgutyYNVK2Q/maxresdefault.jpg
PONY Syndrome,Get Ready With Me!,https://www.youtube.com/playlist?list=PLj6FeOwWCFCouYXKJ1yD7FYqXznpQveQP,PONY THE GLOBETROTTER + GRWM (With subs) - BANGKOK í¬ë‹ˆ ë” ê¸€ë¡œë¸Œ íŠ¸ë¡¯í„° + ìŠ¤íŒŒí´ë§ ë©”ì´í¬ì—… ê²Ÿë ˆë””ìœ—ë¯¸ - ë°©ì½• í¸,https://www.youtube.com/watch?v=q-6qSyWrMxE&list=PLj6FeOwWCFCouYXKJ1yD7FYqXznpQveQP&index=17&t=0s,https://i.ytimg.com/vi/q-6qSyWrMxE/maxresdefault.jpg
PONY Syndrome,Get Ready With Me!,https://www.youtube.com/playlist?list=PLj6FeOwWCFCouYXKJ1yD7FYqXznpQveQP,PONY THE GLOBETROTTER + GRWM (With subs) - New York í¬ë‹ˆ ë” ê¸€ë¡œë¸Œ íŠ¸ë¡¯í„° + ê²Ÿë ˆë””ìœ—ë¯¸ - ë‰´ìš• í¸,https://www.youtube.com/watch?v=sJVMRcr-eug&list=PLj6FeOwWCFCouYXKJ1yD7FYqXznpQveQP&index=18&t=0s,https://i.ytimg.com/vi/sJVMRcr-eug/maxresdefault.jpg
PONY Syndrome,Get Ready With Me!,https://www.youtube.com/playlist?list=PLj6FeOwWCFCouYXKJ1yD7FYqXznpQveQP,PONY THE GLOBETROTTER + Soft Smoky Makeup (With subs) - Hong Kong  í¬ë‹ˆ ë” ê¸€ë¡œë¸Œ íŠ¸ë¡¯í„°  - í™ì½© í¸,https://www.youtube.com/watch?v=7dVT6Emo2MY&list=PLj6FeOwWCFCouYXKJ1yD7FYqXznpQveQP&index=19&t=0s,https://i.ytimg.com/vi/7dVT6Emo2MY/maxresdefault.jpg
PONY Syndrome,Get Ready With Me!,https://www.youtube.com/playlist?list=PLj6FeOwWCFCouYXKJ1yD7FYqXznpQveQP,PONY THE GLOBETROTTER + GRWM (With subs) - Milan í¬ë‹ˆ ë” ê¸€ë¡œë¸Œ íŠ¸ë¡¯í„° - ë°€ë¼ë…¸ í¸,https://www.youtube.com/watch?v=pcmbmC9cUUY&list=PLj6FeOwWCFCouYXKJ1yD7FYqXznpQveQP&index=20&t=0s,https://i.ytimg.com/vi/pcmbmC9cUUY/maxresdefault.jpg
PONY Syndrome,Get Ready With Me!,https://www.youtube.com/playlist?list=PLj6FeOwWCFCouYXKJ1yD7FYqXznpQveQP,Calm Beige Makeup (With subs) ì°¨ë¶„í•œ ë² ì´ì§€ ë©”ì´í¬ì—…ğŸ,https://www.youtube.com/watch?v=0L2zNXpBP3k&list=PLj6FeOwWCFCouYXKJ1yD7FYqXznpQveQP&index=21&t=0s,https://i.ytimg.com/vi/0L2zNXpBP3k/maxresdefault.jpg
PONY Syndrome,Get Ready With Me!,https://www.youtube.com/playlist?list=PLj6FeOwWCFCouYXKJ1yD7FYqXznpQveQP,Plum Makeup (With subs) ìë‘ ë©”ì´í¬ì—…,https://www.youtube.com/watch?v=NyM-XV8FRpo&list=PLj6FeOwWCFCouYXKJ1yD7FYqXznpQveQP&index=22&t=0s,https://i.ytimg.com/vi/NyM-XV8FRpo/maxresdefault.jpg
PONY Syndrome,Get Ready With Me!,https://www.youtube.com/playlist?list=PLj6FeOwWCFCouYXKJ1yD7FYqXznpQveQP,Tokyo GRWM - ë„ì¿„ ê²Ÿë ˆë””ìœ—ë¯¸ :3,https://www.youtube.com/watch?v=eFMP4xwtSLY&list=PLj6FeOwWCFCouYXKJ1yD7FYqXznpQveQP&index=23&t=0s,https://i.ytimg.com/vi/eFMP4xwtSLY/maxresdefault.jpg
PONY Syndrome,Get Ready With Me!,https://www.youtube.com/playlist?list=PLj6FeOwWCFCouYXKJ1yD7FYqXznpQveQP,PONY THE GLOBETROTTER + GRWM (With subs) L.A. Rose Gold Makeup ë¡œì¦ˆê³¨ë“œ ë©”ì´í¬ì—… - ì—˜ì—ì´í¸,https://www.youtube.com/watch?v=VyBj8hd5Sig&list=PLj6FeOwWCFCouYXKJ1yD7FYqXznpQveQP&index=24&t=0s,https://i.ytimg.com/vi/VyBj8hd5Sig/maxresdefault.jpg
PONY Syndrome,Get Ready With Me!,https://www.youtube.com/playlist?list=PLj6FeOwWCFCouYXKJ1yD7FYqXznpQveQP,ğŸŒº Coachella Festival Make up (With subs) Palm Springs  ì½”ì²¼ë¼ í˜ìŠ¤í‹°ë²Œ ë©”ì´í¬ì—…ğŸŒ™ğŸ”® - íŒœìŠ¤í”„ë§ìŠ¤ í¸,https://www.youtube.com/watch?v=tE4j5v4fPUM&list=PLj6FeOwWCFCouYXKJ1yD7FYqXznpQveQP&index=25&t=0s,https://i.ytimg.com/vi/tE4j5v4fPUM/maxresdefault.jpg
PONY Syndrome,Get Ready With Me!,https://www.youtube.com/playlist?list=PLj6FeOwWCFCouYXKJ1yD7FYqXznpQveQP,ğŸ¥€Instagram Makeup-Flower that Blooms at night (With subs) ì¸ìŠ¤íƒ€ ë©”ì´í¬ì—… - ë°¤ì— í”¼ëŠ” ê½ƒ,https://www.youtube.com/watch?v=xguRUMGhhbc&list=PLj6FeOwWCFCouYXKJ1yD7FYqXznpQveQP&index=26&t=0s,https://i.ytimg.com/vi/xguRUMGhhbc/maxresdefault.jpg
PONY Syndrome,Get Ready With Me!,https://www.youtube.com/playlist?list=PLj6FeOwWCFCouYXKJ1yD7FYqXznpQveQP,Summer Vacation MakeupğŸŒ (With subs) ì¸ë¨¸ ë°”ìº‰ìŠ¤ ë©”ì´í¬ì—…,https://www.youtube.com/watch?v=GHsqZYifNiU&list=PLj6FeOwWCFCouYXKJ1yD7FYqXznpQveQP&index=27&t=0s,https://i.ytimg.com/vi/GHsqZYifNiU/maxresdefault.jpg
PONY Syndrome,Get Ready With Me!,https://www.youtube.com/playlist?list=PLj6FeOwWCFCouYXKJ1yD7FYqXznpQveQP,ğŸ’§Clear Glassy MakeupğŸ’§(With subs) íˆ¬ëª…í•œ ìœ ë¦¬ì•Œ ë©”ì´í¬ì—…,https://www.youtube.com/watch?v=0rUMYdQMoXE&list=PLj6FeOwWCFCouYXKJ1yD7FYqXznpQveQP&index=28&t=0s,https://i.ytimg.com/vi/0rUMYdQMoXE/maxresdefault.jpg
PONY Syndrome,Get Ready With Me!,https://www.youtube.com/playlist?list=PLj6FeOwWCFCouYXKJ1yD7FYqXznpQveQP,ğŸ’—Alluring Pink MakeupğŸ’— (With subs) ìƒˆì´ˆë¡¬ í•‘í¬ ë©”ì´í¬ì—…,https://www.youtube.com/watch?v=WzDOozQ9bu8&list=PLj6FeOwWCFCouYXKJ1yD7FYqXznpQveQP&index=29&t=0s,https://i.ytimg.com/vi/WzDOozQ9bu8/maxresdefault.jpg
PONY Syndrome,Get Ready With Me!,https://www.youtube.com/playlist?list=PLj6FeOwWCFCouYXKJ1yD7FYqXznpQveQP,BOLD RED LIP MAKEUPğŸ’‹(With subs) ë³¼ë“œ ë ˆë“œ ë¦½ ë©”ì´í¬ì—…,https://www.youtube.com/watch?v=p7BXc7GPsYA&list=PLj6FeOwWCFCouYXKJ1yD7FYqXznpQveQP&index=30&t=0s,https://i.ytimg.com/vi/p7BXc7GPsYA/maxresdefault.jpg
PONY Syndrome,Get Ready With Me!,https://www.youtube.com/playlist?list=PLj6FeOwWCFCouYXKJ1yD7FYqXznpQveQP,PONY THE GLOBETROTTER + GRWM (With subs) Sydney ì‹œë“œë‹ˆ GRWM,https://www.youtube.com/watch?v=8W29fPyz638&list=PLj6FeOwWCFCouYXKJ1yD7FYqXznpQveQP&index=31&t=0s,https://i.ytimg.com/vi/8W29fPyz638/maxresdefault.jpg
PONY Syndrome,Get Ready With Me!,https://www.youtube.com/playlist?list=PLj6FeOwWCFCouYXKJ1yD7FYqXznpQveQP,PONY THE GLOBETROTTER + GRWM (With subs) Kuala Lumpur ì¿ ì•Œë¼ë£¸í‘¸ë¥´ GRWM,https://www.youtube.com/watch?v=lAO1wHWH4zY&list=PLj6FeOwWCFCouYXKJ1yD7FYqXznpQveQP&index=32&t=0s,https://i.ytimg.com/vi/lAO1wHWH4zY/maxresdefault.jpg
PONY Syndrome,Get Ready With Me!,https://www.youtube.com/playlist?list=PLj6FeOwWCFCouYXKJ1yD7FYqXznpQveQP,PONY THE GLOBETROTTER + GRWM (With subs) Berlin ë² ë¥¼ë¦° GRWM,https://www.youtube.com/watch?v=NRa6YGhT2kU&list=PLj6FeOwWCFCouYXKJ1yD7FYqXznpQveQP&index=33&t=0s,https://i.ytimg.com/vi/NRa6YGhT2kU/maxresdefault.jpg
PONY Syndrome,Makeup Tutorials,https://www.youtube.com/playlist?list=PLj6FeOwWCFCqImX8j84M9uOAGhZ2PI-GS,[ë¹„ê³µê°œ ë™ì˜ìƒ],https://www.youtube.com/watch?v=I4bBUb_kjBc&list=PLj6FeOwWCFCqImX8j84M9uOAGhZ2PI-GS&index=2,https://s.ytimg.com/yts/img/no_thumbnail-vfl4t3-4R.jpg
PONY Syndrome,Makeup Tutorials,https://www.youtube.com/playlist?list=PLj6FeOwWCFCqImX8j84M9uOAGhZ2PI-GS,[ë¹„ê³µê°œ ë™ì˜ìƒ],https://www.youtube.com/watch?v=zsGWfy95Hx8&list=PLj6FeOwWCFCqImX8j84M9uOAGhZ2PI-GS&index=3,https://s.ytimg.com/yts/img/no_thumbnail-vfl4t3-4R.jpg
PONY Syndrome,Makeup Tutorials,https://www.youtube.com/playlist?list=PLj6FeOwWCFCqImX8j84M9uOAGhZ2PI-GS,Snapback Makeup â™¥(With subs) ìŠ¤ëƒ…ë°± ë©”ì´í¬ì—…,https://www.youtube.com/watch?v=p1rTXTIzxOA&list=PLj6FeOwWCFCqImX8j84M9uOAGhZ2PI-GS&index=4&t=0s,https://i.ytimg.com/vi/p1rTXTIzxOA/maxresdefault.jpg
PONY Syndrome,Makeup Tutorials,https://www.youtube.com/playlist?list=PLj6FeOwWCFCqImX8j84M9uOAGhZ2PI-GS,[ë¹„ê³µê°œ ë™ì˜ìƒ],https://www.youtube.com/watch?v=tq-IhEARm40&list=PLj6FeOwWCFCqImX8j84M9uOAGhZ2PI-GS&index=5,https://s.ytimg.com/yts/img/no_thumbnail-vfl4t3-4R.jpg
PONY Syndrome,Makeup Tutorials,https://www.youtube.com/playlist?list=PLj6FeOwWCFCqImX8j84M9uOAGhZ2PI-GS,Instagram Makeup-Summer daily look (With subs) ì¸ìŠ¤íƒ€ ë©”ì´í¬ì—…-ì¸ë¨¸ ë°ì¼ë¦¬ ë£©,https://www.youtube.com/watch?v=k1-Kj6Y8YjQ&list=PLj6FeOwWCFCqImX8j84M9uOAGhZ2PI-GS&index=6&t=0s,https://i.ytimg.com/vi/k1-Kj6Y8YjQ/maxresdefault.jpg
PONY Syndrome,Makeup Tutorials,https://www.youtube.com/playlist?list=PLj6FeOwWCFCqImX8j84M9uOAGhZ2PI-GS,Instagram Makeup-Sexy lashes look (With subs) ì¸ìŠ¤íƒ€ ë©”ì´í¬ì—…-ì„¹ì‹œ ë˜ì‰¬ ë£©,https://www.youtube.com/watch?v=ja_DflYDg3c&list=PLj6FeOwWCFCqImX8j84M9uOAGhZ2PI-GS&index=7&t=0s,https://i.ytimg.com/vi/ja_DflYDg3c/maxresdefault.jpg
PONY Syndrome,Makeup Tutorials,https://www.youtube.com/playlist?list=PLj6FeOwWCFCqImX8j84M9uOAGhZ2PI-GS,Grey purple makeup for fall (With subs) íšŒë³´ë¼ë¹› ê°€ì„ ë©”ì´í¬ì—…,https://www.youtube.com/watch?v=IN0Hko3WSY0&list=PLj6FeOwWCFCqImX8j84M9uOAGhZ2PI-GS&index=8&t=0s,https://i.ytimg.com/vi/IN0Hko3WSY0/maxresdefault.jpg
PONY Syndrome,Makeup Tutorials,https://www.youtube.com/playlist?list=PLj6FeOwWCFCqImX8j84M9uOAGhZ2PI-GS,Girlish Pink Make up (With subs) ì†Œë…€ í•‘í¬ ë©”ì´í¬ì—…,https://www.youtube.com/watch?v=vnoQ5lkBVhU&list=PLj6FeOwWCFCqImX8j84M9uOAGhZ2PI-GS&index=9&t=0s,https://i.ytimg.com/vi/vnoQ5lkBVhU/maxresdefault.jpg
PONY Syndrome,Makeup Tutorials,https://www.youtube.com/playlist?list=PLj6FeOwWCFCqImX8j84M9uOAGhZ2PI-GS,Dewy Khaki Makeup (With subs) ì´‰ì´‰ ì¹´í‚¤ ë©”ì´í¬ì—…,https://www.youtube.com/watch?v=wZ32U2Vnd2A&list=PLj6FeOwWCFCqImX8j84M9uOAGhZ2PI-GS&index=10&t=0s,https://i.ytimg.com/vi/wZ32U2Vnd2A/maxresdefault.jpg
PONY Syndrome,Makeup Tutorials,https://www.youtube.com/playlist?list=PLj6FeOwWCFCqImX8j84M9uOAGhZ2PI-GS,Clear Rose Color Make up (With subs) ë§‘ì€ ë ˆë“œ ë©”ì´í¬ì—…,https://www.youtube.com/watch?v=WxkVZxWjxKo&list=PLj6FeOwWCFCqImX8j84M9uOAGhZ2PI-GS&index=11&t=0s,https://i.ytimg.com/vi/WxkVZxWjxKo/maxresdefault.jpg
PONY Syndrome,Makeup Tutorials,https://www.youtube.com/playlist?list=PLj6FeOwWCFCqImX8j84M9uOAGhZ2PI-GS,[ë¹„ê³µê°œ ë™ì˜ìƒ],https://www.youtube.com/watch?v=Swiw2nG5zTQ&list=PLj6FeOwWCFCqImX8j84M9uOAGhZ2PI-GS&index=12,https://s.ytimg.com/yts/img/no_thumbnail-vfl4t3-4R.jpg
PONY Syndrome,Makeup Tutorials,https://www.youtube.com/playlist?list=PLj6FeOwWCFCqImX8j84M9uOAGhZ2PI-GS,Matte Mauve Smoky MakeupÂ (With subs) ë§¤íŠ¸ ëª¨ìš°ë¸Œ ìŠ¤ëª¨í‚¤ ë©”ì´í¬ì—…,https://www.youtube.com/watch?v=ZryhViOvQF0&list=PLj6FeOwWCFCqImX8j84M9uOAGhZ2PI-GS&index=13&t=0s,https://i.ytimg.com/vi/ZryhViOvQF0/maxresdefault.jpg
PONY Syndrome,Makeup Tutorials,https://www.youtube.com/playlist?list=PLj6FeOwWCFCqImX8j84M9uOAGhZ2PI-GS,Simple MakeupÂ for ClassÂ (With subs) ì‹¬í”ŒÂ ê°œê°•Â ë©”ì´í¬ì—…,https://www.youtube.com/watch?v=eHg7iIpEwUo&list=PLj6FeOwWCFCqImX8j84M9uOAGhZ2PI-GS&index=14&t=0s,https://i.ytimg.com/vi/eHg7iIpEwUo/maxresdefault.jpg
PONY Syndrome,Makeup Tutorials,https://www.youtube.com/playlist?list=PLj6FeOwWCFCqImX8j84M9uOAGhZ2PI-GS,Sims Transformation Makeup (With subs) ì‹¬ì¦ˆÂ ì»¤ë²„Â ë©”ì´í¬ì—…,https://www.youtube.com/watch?v=Kwy5tyvT3YE&list=PLj6FeOwWCFCqImX8j84M9uOAGhZ2PI-GS&index=15&t=0s,https://i.ytimg.com/vi/Kwy5tyvT3YE/maxresdefault.jpg
PONY Syndrome,Makeup Tutorials,https://www.youtube.com/playlist?list=PLj6FeOwWCFCqImX8j84M9uOAGhZ2PI-GS,Soft Feminine Make up (With subs) í˜ë¯¸ë‹Œ ìŒì˜ ë©”ì´í¬ì—…,https://www.youtube.com/watch?v=pdrn6-4sfiA&list=PLj6FeOwWCFCqImX8j84M9uOAGhZ2PI-GS&index=16&t=0s,https://i.ytimg.com/vi/pdrn6-4sfiA/maxresdefault.jpg
PONY Syndrome,Makeup Tutorials,https://www.youtube.com/playlist?list=PLj6FeOwWCFCqImX8j84M9uOAGhZ2PI-GS,Gorgeous Mahogany Makeup (With subs) ê³ ì ¸ìŠ¤ ë§ˆí˜¸ê°€ë‹ˆ ë©”ì´í¬ì—…,https://www.youtube.com/watch?v=8eE881qV0Uk&list=PLj6FeOwWCFCqImX8j84M9uOAGhZ2PI-GS&index=17&t=0s,https://i.ytimg.com/vi/8eE881qV0Uk/maxresdefault.jpg
PONY Syndrome,Makeup Tutorials,https://www.youtube.com/playlist?list=PLj6FeOwWCFCqImX8j84M9uOAGhZ2PI-GS,[ë¹„ê³µê°œ ë™ì˜ìƒ],https://www.youtube.com/watch?v=Qo_w5Lc6nys&list=PLj6FeOwWCFCqImX8j84M9uOAGhZ2PI-GS&index=18,https://s.ytimg.com/yts/img/no_thumbnail-vfl4t3-4R.jpg
PONY Syndrome,Makeup Tutorials,https://www.youtube.com/playlist?list=PLj6FeOwWCFCqImX8j84M9uOAGhZ2PI-GS,Dreamy Spring Makeup (With subs) ëª½í™˜Â ë´„Â ë©”ì´í¬ì—…,https://www.youtube.com/watch?v=Qr4GF2vSrCQ&list=PLj6FeOwWCFCqImX8j84M9uOAGhZ2PI-GS&index=19&t=0s,https://i.ytimg.com/vi/Qr4GF2vSrCQ/maxresdefault.jpg
PONY Syndrome,Makeup Tutorials,https://www.youtube.com/playlist?list=PLj6FeOwWCFCqImX8j84M9uOAGhZ2PI-GS,Singapore Trip â€˜get ready with meâ€™! (With subs) ì‹±ê°€í´ ì¶œì¥ ê²Ÿë ˆë””ìœ—ë¯¸!,https://www.youtube.com/watch?v=72ClsmFzWWo&list=PLj6FeOwWCFCqImX8j84M9uOAGhZ2PI-GS&index=20&t=0s,https://i.ytimg.com/vi/72ClsmFzWWo/maxresdefault.jpg
PONY Syndrome,Makeup Tutorials,https://www.youtube.com/playlist?list=PLj6FeOwWCFCqImX8j84M9uOAGhZ2PI-GS,Shanghai Trip â€˜get ready with meâ€™ (With subs) ì¤‘êµ­ ìƒí•´ ì¶œì¥ ê²Ÿë ˆë””ìœ—ë¯¸! GRWM,https://www.youtube.com/watch?v=Gqa9svhOHCo&list=PLj6FeOwWCFCqImX8j84M9uOAGhZ2PI-GS&index=21&t=0s,https://i.ytimg.com/vi/Gqa9svhOHCo/maxresdefault.jpg
PONY Syndrome,Makeup Tutorials,https://www.youtube.com/playlist?list=PLj6FeOwWCFCqImX8j84M9uOAGhZ2PI-GS,Instagram Make up (With subs) Singapore Trip Makeup Tutorial ì¸ìŠ¤íƒ€ ë©”ì´í¬ì—…-ì‹±ê°€í´ ì¶œì¥ ë©”ì´í¬ì—…,https://www.youtube.com/watch?v=bNYNbGKGcbw&list=PLj6FeOwWCFCqImX8j84M9uOAGhZ2PI-GS&index=22&t=0s,https://i.ytimg.com/vi/bNYNbGKGcbw/maxresdefault.jpg
PONY Syndrome,Makeup Tutorials,https://www.youtube.com/playlist?list=PLj6FeOwWCFCqImX8j84M9uOAGhZ2PI-GS,Taylor swift transformation make up (With subs) í…Œì¼ëŸ¬ ìŠ¤ìœ„í”„íŠ¸ ì»¤ë²„ ë©”ì´í¬ì—…,https://www.youtube.com/watch?v=x9EF-r4LMUI&list=PLj6FeOwWCFCqImX8j84M9uOAGhZ2PI-GS&index=23&t=0s,https://i.ytimg.com/vi/x9EF-r4LMUI/maxresdefault.jpg
PONY Syndrome,Makeup Tutorials,https://www.youtube.com/playlist?list=PLj6FeOwWCFCqImX8j84M9uOAGhZ2PI-GS,Apricot Make UpğŸ‘ (With subs) ì‚´êµ¬ ë©”ì´í¬ì—…,https://www.youtube.com/watch?v=AvK3g2Va-2c&list=PLj6FeOwWCFCqImX8j84M9uOAGhZ2PI-GS&index=24&t=0s,https://i.ytimg.com/vi/AvK3g2Va-2c/maxresdefault.jpg
PONY Syndrome,Makeup Tutorials,https://www.youtube.com/playlist?list=PLj6FeOwWCFCqImX8j84M9uOAGhZ2PI-GS,Natural Make up (With subs) ë‚´ì¶”ëŸ´ ë©”ì´í¬ì—…,https://www.youtube.com/watch?v=tRUGnDVnI60&list=PLj6FeOwWCFCqImX8j84M9uOAGhZ2PI-GS&index=25&t=0s,https://i.ytimg.com/vi/tRUGnDVnI60/maxresdefault.jpg
PONY Syndrome,Makeup Tutorials,https://www.youtube.com/playlist?list=PLj6FeOwWCFCqImX8j84M9uOAGhZ2PI-GS,Kylie Jenner Transformation Make-up (With sub) ì¹´ì¼ë¦¬ ì œë„ˆ ì»¤ë²„ ë©”ì´í¬ì—…,https://www.youtube.com/watch?v=dqOsYjKtrZI&list=PLj6FeOwWCFCqImX8j84M9uOAGhZ2PI-GS&index=26&t=0s,https://i.ytimg.com/vi/dqOsYjKtrZI/maxresdefault.jpg
PONY Syndrome,Makeup Tutorials,https://www.youtube.com/playlist?list=PLj6FeOwWCFCqImX8j84M9uOAGhZ2PI-GS,Burgundy Make Up (With subs) ë²„ê±´ë”” ë©”ì´í¬ì—…,https://www.youtube.com/watch?v=Z4y93CqsYbk&list=PLj6FeOwWCFCqImX8j84M9uOAGhZ2PI-GS&index=27&t=0s,https://i.ytimg.com/vi/Z4y93CqsYbk/maxresdefault.jpg
PONY Syndrome,Makeup Tutorials,https://www.youtube.com/playlist?list=PLj6FeOwWCFCqImX8j84M9uOAGhZ2PI-GS,Tokyo Trip GRWM (With subs) í‚¤ë¼í‚¤ë¼ ì´ê°€ë¦¬ ë©”ì´í¬ì—… (ìˆ™ì·¨ë©”ì´í¬ì—…),https://www.youtube.com/watch?v=VM9_5yI4mfQ&list=PLj6FeOwWCFCqImX8j84M9uOAGhZ2PI-GS&index=28&t=0s,https://i.ytimg.com/vi/VM9_5yI4mfQ/maxresdefault.jpg
PONY Syndrome,Makeup Tutorials,https://www.youtube.com/playlist?list=PLj6FeOwWCFCqImX8j84M9uOAGhZ2PI-GS,Instagram Makeup - Purple Lip Makeup (With subs) ì¸ìŠ¤íƒ€ ë©”ì´í¬ì—… - í¼í”Œ ë¦½ ë©”ì´í¬ì—…,https://www.youtube.com/watch?v=xYAXq8Z1tfE&list=PLj6FeOwWCFCqImX8j84M9uOAGhZ2PI-GS&index=29&t=0s,https://i.ytimg.com/vi/xYAXq8Z1tfE/maxresdefault.jpg
PONY Syndrome,Makeup Tutorials,https://www.youtube.com/playlist?list=PLj6FeOwWCFCqImX8j84M9uOAGhZ2PI-GS,Instagram Makeup â€“ Christmas Makeup (With.subs) ì¸ìŠ¤íƒ€Â ë©”ì´í¬ì—…Â -Â í¬ë¦¬ìŠ¤ë§ˆìŠ¤Â ë©”ì´í¬ì—…,https://www.youtube.com/watch?v=1nkfclSzYEk&list=PLj6FeOwWCFCqImX8j84M9uOAGhZ2PI-GS&index=30&t=0s,https://i.ytimg.com/vi/1nkfclSzYEk/maxresdefault.jpg
PONY Syndrome,Makeup Tutorials,https://www.youtube.com/playlist?list=PLj6FeOwWCFCqImX8j84M9uOAGhZ2PI-GS,Instagram Makeup - Snowflake Makeup (With subs) ì¸ìŠ¤íƒ€ ë©”ì´í¬ì—… - ëˆˆê½ƒ ë©”ì´í¬ì—…,https://www.youtube.com/watch?v=lbDalERJ2Os&list=PLj6FeOwWCFCqImX8j84M9uOAGhZ2PI-GS&index=31&t=0s,https://i.ytimg.com/vi/lbDalERJ2Os/maxresdefault.jpg
PONY Syndrome,Makeup Tutorials,https://www.youtube.com/playlist?list=PLj6FeOwWCFCqImX8j84M9uOAGhZ2PI-GS,[ë¹„ê³µê°œ ë™ì˜ìƒ],https://www.youtube.com/watch?v=hOxlj8SCrTo&list=PLj6FeOwWCFCqImX8j84M9uOAGhZ2PI-GS&index=32,https://s.ytimg.com/yts/img/no_thumbnail-vfl4t3-4R.jpg
PONY Syndrome,Makeup Tutorials,https://www.youtube.com/playlist?list=PLj6FeOwWCFCqImX8j84M9uOAGhZ2PI-GS,Instagram Makeup - Paris Red Lip Makeup (With subs) ì¸ìŠ¤íƒ€ ë©”ì´í¬ì—… - íŒŒë¦¬ ë ˆë“œ ë¦½ ë©”ì´í¬ì—…,https://www.youtube.com/watch?v=IMtu6l-gXTA&list=PLj6FeOwWCFCqImX8j84M9uOAGhZ2PI-GS&index=33&t=0s,https://i.ytimg.com/vi/IMtu6l-gXTA/maxresdefault.jpg
PONY Syndrome,Makeup Tutorials,https://www.youtube.com/playlist?list=PLj6FeOwWCFCqImX8j84M9uOAGhZ2PI-GS,ETUDE x PONY Play 101 stick Contour-fessional (with subs) ì—ë›°ë“œ í”Œë ˆì´ 101 ìŠ¤í‹± ì»¨íˆ¬ì–´ë“€ì˜¤ x í¬ë‹ˆ,https://www.youtube.com/watch?v=tesTty49M4c&list=PLj6FeOwWCFCqImX8j84M9uOAGhZ2PI-GS&index=34&t=0s,https://i.ytimg.com/vi/tesTty49M4c/maxresdefault.jpg
PONY Syndrome,Makeup Tutorials,https://www.youtube.com/playlist?list=PLj6FeOwWCFCqImX8j84M9uOAGhZ2PI-GS,Osaka Trip GRWM (With subs) ìˆ˜ì±„í™” ì¹˜í¬ ë©”ì´í¬ì—…,https://www.youtube.com/watch?v=NNt-SgXJzxo&list=PLj6FeOwWCFCqImX8j84M9uOAGhZ2PI-GS&index=35&t=0s,https://i.ytimg.com/vi/NNt-SgXJzxo/maxresdefault.jpg
PONY Syndrome,Makeup Tutorials,https://www.youtube.com/playlist?list=PLj6FeOwWCFCqImX8j84M9uOAGhZ2PI-GS,Pop Of Color Makeup (with sub) íŒ ì˜¤ë¸Œ ì»¬ëŸ¬ ë©”ì´í¬ì—…,https://www.youtube.com/watch?v=w6wFUHPpOJ8&list=PLj6FeOwWCFCqImX8j84M9uOAGhZ2PI-GS&index=36&t=0s,https://i.ytimg.com/vi/w6wFUHPpOJ8/maxresdefault.jpg
PONY Syndrome,Makeup Tutorials,https://www.youtube.com/playlist?list=PLj6FeOwWCFCqImX8j84M9uOAGhZ2PI-GS,Uncovering by PONY x CLINIQUE (with subs) ì–¸ì»¤ë²„ë§ by í¬ë‹ˆ x í¬ë¦¬ë‹ˆí¬,https://www.youtube.com/watch?v=tRfHQWrKJD4&list=PLj6FeOwWCFCqImX8j84M9uOAGhZ2PI-GS&index=37&t=0s,https://i.ytimg.com/vi/tRfHQWrKJD4/maxresdefault.jpg
PONY Syndrome,Makeup Tutorials,https://www.youtube.com/playlist?list=PLj6FeOwWCFCqImX8j84M9uOAGhZ2PI-GS,Uncovering by PONY X Dior (With subs) - ì–¸ì»¤ë²„ë§ by í¬ë‹ˆ X ë””ì˜¬,https://www.youtube.com/watch?v=c78mv_Etet8&list=PLj6FeOwWCFCqImX8j84M9uOAGhZ2PI-GS&index=38&t=0s,https://i.ytimg.com/vi/c78mv_Etet8/maxresdefault.jpg
PONY Syndrome,Makeup Tutorials,https://www.youtube.com/playlist?list=PLj6FeOwWCFCqImX8j84M9uOAGhZ2PI-GS,Uncovering by pony x MISSHA (with subs) ì–¸ì»¤ë²„ë§ by í¬ë‹ˆ x ë¯¸ìƒ¤,https://www.youtube.com/watch?v=b-ZeXCcmTNo&list=PLj6FeOwWCFCqImX8j84M9uOAGhZ2PI-GS&index=39&t=0s,https://i.ytimg.com/vi/b-ZeXCcmTNo/maxresdefault.jpg
PONY Syndrome,Makeup Tutorials,https://www.youtube.com/playlist?list=PLj6FeOwWCFCqImX8j84M9uOAGhZ2PI-GS,ğŸ’—Heartbeat Makeup (With subs) ë‘ê·¼ë‘ê·¼ ë©”ì´í¬ì—…,https://www.youtube.com/watch?v=B3eF7RP0VvM&list=PLj6FeOwWCFCqImX8j84M9uOAGhZ2PI-GS&index=40&t=0s,https://i.ytimg.com/vi/B3eF7RP0VvM/maxresdefault.jpg
PONY Syndrome,Makeup Tutorials,https://www.youtube.com/playlist?list=PLj6FeOwWCFCqImX8j84M9uOAGhZ2PI-GS,Uncovering by pony x Mamonde (with subs) ì–¸ì»¤ë²„ë§ by í¬ë‹ˆ x ë§ˆëª½ë“œ,https://www.youtube.com/watch?v=y4jMe9kbm70&list=PLj6FeOwWCFCqImX8j84M9uOAGhZ2PI-GS&index=41&t=0s,https://i.ytimg.com/vi/y4jMe9kbm70/maxresdefault.jpg
PONY Syndrome,Makeup Tutorials,https://www.youtube.com/playlist?list=PLj6FeOwWCFCqImX8j84M9uOAGhZ2PI-GS,Pink Gold Glittery Make up (With subs) í•‘í¬ ê³¨ë“œ ê¸€ë¦¬í„°ë¦¬ ë©”ì´í¬ì—…,https://www.youtube.com/watch?v=jOv_d2EtRUA&list=PLj6FeOwWCFCqImX8j84M9uOAGhZ2PI-GS&index=42&t=0s,https://i.ytimg.com/vi/jOv_d2EtRUA/maxresdefault.jpg
PONY Syndrome,Makeup Tutorials,https://www.youtube.com/playlist?list=PLj6FeOwWCFCqImX8j84M9uOAGhZ2PI-GS,Natural Mauve Makeup (With.subs) ë‚´ì¶”ëŸ´ ëª¨ë¸Œ ë©”ì´í¬ì—…,https://www.youtube.com/watch?v=BhCZpb7CSIM&list=PLj6FeOwWCFCqImX8j84M9uOAGhZ2PI-GS&index=43&t=0s,https://i.ytimg.com/vi/BhCZpb7CSIM/maxresdefault.jpg
PONY Syndrome,Makeup Tutorials,https://www.youtube.com/playlist?list=PLj6FeOwWCFCqImX8j84M9uOAGhZ2PI-GS,PONY THE GLOBETROTTER + GRWM (With subs) - New York í¬ë‹ˆ ë” ê¸€ë¡œë¸Œ íŠ¸ë¡¯í„° + ê²Ÿë ˆë””ìœ—ë¯¸ - ë‰´ìš• í¸,https://www.youtube.com/watch?v=sJVMRcr-eug&list=PLj6FeOwWCFCqImX8j84M9uOAGhZ2PI-GS&index=44&t=0s,https://i.ytimg.com/vi/sJVMRcr-eug/maxresdefault.jpg
PONY Syndrome,Makeup Tutorials,https://www.youtube.com/playlist?list=PLj6FeOwWCFCqImX8j84M9uOAGhZ2PI-GS,PONY THE GLOBETROTTER + Soft Smoky Makeup (With subs) - Hong Kong  í¬ë‹ˆ ë” ê¸€ë¡œë¸Œ íŠ¸ë¡¯í„°  - í™ì½© í¸,https://www.youtube.com/watch?v=7dVT6Emo2MY&list=PLj6FeOwWCFCqImX8j84M9uOAGhZ2PI-GS&index=45&t=0s,https://i.ytimg.com/vi/7dVT6Emo2MY/maxresdefault.jpg
PONY Syndrome,Makeup Tutorials,https://www.youtube.com/playlist?list=PLj6FeOwWCFCqImX8j84M9uOAGhZ2PI-GS,Glowy Coral Makeup (With Subs) ì´‰ì´‰ ì½”ë„ ë©”ì´í¬ì—…,https://www.youtube.com/watch?v=DAu_jF-9AXs&list=PLj6FeOwWCFCqImX8j84M9uOAGhZ2PI-GS&index=46&t=0s,https://i.ytimg.com/vi/DAu_jF-9AXs/maxresdefault.jpg
PONY Syndrome,Makeup Tutorials,https://www.youtube.com/playlist?list=PLj6FeOwWCFCqImX8j84M9uOAGhZ2PI-GS,PONY THE GLOBETROTTER + GRWM (With subs) - Milan í¬ë‹ˆ ë” ê¸€ë¡œë¸Œ íŠ¸ë¡¯í„° - ë°€ë¼ë…¸ í¸,https://www.youtube.com/watch?v=pcmbmC9cUUY&list=PLj6FeOwWCFCqImX8j84M9uOAGhZ2PI-GS&index=47&t=0s,https://i.ytimg.com/vi/pcmbmC9cUUY/maxresdefault.jpg
PONY Syndrome,Makeup Tutorials,https://www.youtube.com/playlist?list=PLj6FeOwWCFCqImX8j84M9uOAGhZ2PI-GS,ğŸ¶ 2018 Golden Makeup for the Year of the Dog (With subs) 2018ë…„ ë¬´ìˆ ë…„ í™©ê¸ˆ ê°œë  ë©”ì´í¬ì—…âœ¨,https://www.youtube.com/watch?v=MZiy2dk5pAM&list=PLj6FeOwWCFCqImX8j84M9uOAGhZ2PI-GS&index=48&t=0s,https://i.ytimg.com/vi/MZiy2dk5pAM/maxresdefault.jpg
PONY Syndrome,Makeup Tutorials,https://www.youtube.com/playlist?list=PLj6FeOwWCFCqImX8j84M9uOAGhZ2PI-GS,The Glow Challenge,https://www.youtube.com/watch?v=P0pnhycAuOo&list=PLj6FeOwWCFCqImX8j84M9uOAGhZ2PI-GS&index=49&t=0s,https://i.ytimg.com/vi/P0pnhycAuOo/maxresdefault.jpg
PONY Syndrome,Makeup Tutorials,https://www.youtube.com/playlist?list=PLj6FeOwWCFCqImX8j84M9uOAGhZ2PI-GS,Calm Beige Makeup (With subs) ì°¨ë¶„í•œ ë² ì´ì§€ ë©”ì´í¬ì—…ğŸ,https://www.youtube.com/watch?v=0L2zNXpBP3k&list=PLj6FeOwWCFCqImX8j84M9uOAGhZ2PI-GS&index=50&t=0s,https://i.ytimg.com/vi/0L2zNXpBP3k/maxresdefault.jpg
PONY Syndrome,Makeup Tutorials,https://www.youtube.com/playlist?list=PLj6FeOwWCFCqImX8j84M9uOAGhZ2PI-GS,ğŸ”¥VermilionğŸ”¥,https://www.youtube.com/watch?v=kTSCkVNLS-A&list=PLj6FeOwWCFCqImX8j84M9uOAGhZ2PI-GS&index=51&t=0s,https://i.ytimg.com/vi/kTSCkVNLS-A/maxresdefault.jpg
PONY Syndrome,Makeup Tutorials,https://www.youtube.com/playlist?list=PLj6FeOwWCFCqImX8j84M9uOAGhZ2PI-GS,Plum Makeup (With subs) ìë‘ ë©”ì´í¬ì—…,https://www.youtube.com/watch?v=NyM-XV8FRpo&list=PLj6FeOwWCFCqImX8j84M9uOAGhZ2PI-GS&index=52&t=0s,https://i.ytimg.com/vi/NyM-XV8FRpo/maxresdefault.jpg
PONY Syndrome,Makeup Tutorials,https://www.youtube.com/playlist?list=PLj6FeOwWCFCqImX8j84M9uOAGhZ2PI-GS,ğŸ’Birthstone MakeupğŸ’February â€˜Amethystâ€™ íƒ„ìƒì„ ë©”ì´í¬ì—… 2ì›” â€˜ììˆ˜ì •â€™,https://www.youtube.com/watch?v=jXb_amlCf5Q&list=PLj6FeOwWCFCqImX8j84M9uOAGhZ2PI-GS&index=53&t=0s,https://i.ytimg.com/vi/jXb_amlCf5Q/maxresdefault.jpg
PONY Syndrome,Makeup Tutorials,https://www.youtube.com/playlist?list=PLj6FeOwWCFCqImX8j84M9uOAGhZ2PI-GS,Lovely & Chic cool-tone makeup with innisfree (With subs) ë°˜ì „ ì¿¨í†¤ ë©”ì´í¬ì—…,https://www.youtube.com/watch?v=_kBPRzINGGg&list=PLj6FeOwWCFCqImX8j84M9uOAGhZ2PI-GS&index=54&t=0s,https://i.ytimg.com/vi/_kBPRzINGGg/maxresdefault.jpg
PONY Syndrome,Makeup Tutorials,https://www.youtube.com/playlist?list=PLj6FeOwWCFCqImX8j84M9uOAGhZ2PI-GS,Spring warm-tone makeup with innisfree (With subs) ì…ì¶˜ ì›œí†¤ ë©”ì´í¬ì—…,https://www.youtube.com/watch?v=JyWtEgMy1Cc&list=PLj6FeOwWCFCqImX8j84M9uOAGhZ2PI-GS&index=55&t=0s,https://i.ytimg.com/vi/JyWtEgMy1Cc/maxresdefault.jpg
PONY Syndrome,Makeup Tutorials,https://www.youtube.com/playlist?list=PLj6FeOwWCFCqImX8j84M9uOAGhZ2PI-GS,Tokyo GRWM - ë„ì¿„ ê²Ÿë ˆë””ìœ—ë¯¸ :3,https://www.youtube.com/watch?v=eFMP4xwtSLY&list=PLj6FeOwWCFCqImX8j84M9uOAGhZ2PI-GS&index=56&t=0s,https://i.ytimg.com/vi/eFMP4xwtSLY/maxresdefault.jpg
PONY Syndrome,Makeup Tutorials,https://www.youtube.com/playlist?list=PLj6FeOwWCFCqImX8j84M9uOAGhZ2PI-GS,PONY X HA:TFELT Soft Burgundy Makeup (With subs) í¬ë‹ˆ X í•«í íŠ¸ ì†Œí”„íŠ¸ ë²„ê±´ë”” ë©”ì´í¬ì—…,https://www.youtube.com/watch?v=wtiXEXpdpsw&list=PLj6FeOwWCFCqImX8j84M9uOAGhZ2PI-GS&index=57&t=0s,https://i.ytimg.com/vi/wtiXEXpdpsw/maxresdefault.jpg
PONY Syndrome,Makeup Tutorials,https://www.youtube.com/playlist?list=PLj6FeOwWCFCqImX8j84M9uOAGhZ2PI-GS,PONY THE GLOBETROTTER + GRWM (With subs) L.A. Rose Gold Makeup ë¡œì¦ˆê³¨ë“œ ë©”ì´í¬ì—… - ì—˜ì—ì´í¸,https://www.youtube.com/watch?v=VyBj8hd5Sig&list=PLj6FeOwWCFCqImX8j84M9uOAGhZ2PI-GS&index=58&t=0s,https://i.ytimg.com/vi/VyBj8hd5Sig/maxresdefault.jpg
PONY Syndrome,Makeup Tutorials,https://www.youtube.com/playlist?list=PLj6FeOwWCFCqImX8j84M9uOAGhZ2PI-GS,ğŸŒº Coachella Festival Make up (With subs) Palm Springs  ì½”ì²¼ë¼ í˜ìŠ¤í‹°ë²Œ ë©”ì´í¬ì—…ğŸŒ™ğŸ”® - íŒœìŠ¤í”„ë§ìŠ¤ í¸,https://www.youtube.com/watch?v=tE4j5v4fPUM&list=PLj6FeOwWCFCqImX8j84M9uOAGhZ2PI-GS&index=59&t=0s,https://i.ytimg.com/vi/tE4j5v4fPUM/maxresdefault.jpg
PONY Syndrome,Makeup Tutorials,https://www.youtube.com/playlist?list=PLj6FeOwWCFCqImX8j84M9uOAGhZ2PI-GS,ğŸ’—Heart Blush MakeupğŸ’—(With subs) í•˜íŠ¸ ë¸”ëŸ¬ì‰¬ ë©”ì´í¬ì—…,https://www.youtube.com/watch?v=TOW-lWWET8Y&list=PLj6FeOwWCFCqImX8j84M9uOAGhZ2PI-GS&index=60&t=0s,https://i.ytimg.com/vi/TOW-lWWET8Y/maxresdefault.jpg
PONY Syndrome,Makeup Tutorials,https://www.youtube.com/playlist?list=PLj6FeOwWCFCqImX8j84M9uOAGhZ2PI-GS,ğŸ¥€Instagram Makeup-Flower that Blooms at night (With subs) ì¸ìŠ¤íƒ€ ë©”ì´í¬ì—… - ë°¤ì— í”¼ëŠ” ê½ƒ,https://www.youtube.com/watch?v=xguRUMGhhbc&list=PLj6FeOwWCFCqImX8j84M9uOAGhZ2PI-GS&index=61&t=0s,https://i.ytimg.com/vi/xguRUMGhhbc/maxresdefault.jpg
PONY Syndrome,Makeup Tutorials,https://www.youtube.com/playlist?list=PLj6FeOwWCFCqImX8j84M9uOAGhZ2PI-GS,Tropical Makeup (With subs) ğŸŒºğŸíŠ¸ë¡œí”¼ì»¬ ë©”ì´í¬ì—…ğŸŒ´,https://www.youtube.com/watch?v=fGEXKCq6irg&list=PLj6FeOwWCFCqImX8j84M9uOAGhZ2PI-GS&index=62&t=0s,https://i.ytimg.com/vi/fGEXKCq6irg/maxresdefault.jpg
PONY Syndrome,Makeup Tutorials,https://www.youtube.com/playlist?list=PLj6FeOwWCFCqImX8j84M9uOAGhZ2PI-GS,Summer Vacation MakeupğŸŒ (With subs) ì¸ë¨¸ ë°”ìº‰ìŠ¤ ë©”ì´í¬ì—…,https://www.youtube.com/watch?v=GHsqZYifNiU&list=PLj6FeOwWCFCqImX8j84M9uOAGhZ2PI-GS&index=63&t=0s,https://i.ytimg.com/vi/GHsqZYifNiU/maxresdefault.jpg
PONY Syndrome,Makeup Tutorials,https://www.youtube.com/playlist?list=PLj6FeOwWCFCqImX8j84M9uOAGhZ2PI-GS,"Full-coverage makeup for sensitive skin, Dr.Jart+'s Dermakeup(With subs) ì§„ì • ì»¤ë²„ ë©”ì´í¬ì—… - ë‹¥í„°ìë¥´íŠ¸ ë”ë©”ì´í¬ì—…",https://www.youtube.com/watch?v=AZaJHXBcBvk&list=PLj6FeOwWCFCqImX8j84M9uOAGhZ2PI-GS&index=64&t=0s,https://i.ytimg.com/vi/AZaJHXBcBvk/maxresdefault.jpg
PONY Syndrome,Makeup Tutorials,https://www.youtube.com/playlist?list=PLj6FeOwWCFCqImX8j84M9uOAGhZ2PI-GS,ğŸ’§Clear Glassy MakeupğŸ’§(With subs) íˆ¬ëª…í•œ ìœ ë¦¬ì•Œ ë©”ì´í¬ì—…,https://www.youtube.com/watch?v=0rUMYdQMoXE&list=PLj6FeOwWCFCqImX8j84M9uOAGhZ2PI-GS&index=65&t=0s,https://i.ytimg.com/vi/0rUMYdQMoXE/maxresdefault.jpg
PONY Syndrome,Makeup Tutorials,https://www.youtube.com/playlist?list=PLj6FeOwWCFCqImX8j84M9uOAGhZ2PI-GS,ğŸ’—Alluring Pink MakeupğŸ’— (With subs) ìƒˆì´ˆë¡¬ í•‘í¬ ë©”ì´í¬ì—…,https://www.youtube.com/watch?v=WzDOozQ9bu8&list=PLj6FeOwWCFCqImX8j84M9uOAGhZ2PI-GS&index=66&t=0s,https://i.ytimg.com/vi/WzDOozQ9bu8/maxresdefault.jpg
PONY Syndrome,Makeup Tutorials,https://www.youtube.com/playlist?list=PLj6FeOwWCFCqImX8j84M9uOAGhZ2PI-GS,SUQQU X PONY Modern Chic Tangerine Look (With subs) ìŠ·ì¿ Xí¬ë‹ˆ ëª¨ë˜ ì‹œí¬ íƒ ì €ë¦° ë£©,https://www.youtube.com/watch?v=Pt__n76J60M&list=PLj6FeOwWCFCqImX8j84M9uOAGhZ2PI-GS&index=67&t=0s,https://i.ytimg.com/vi/Pt__n76J60M/maxresdefault.jpg
PONY Syndrome,Makeup Tutorials,https://www.youtube.com/playlist?list=PLj6FeOwWCFCqImX8j84M9uOAGhZ2PI-GS,Uncovering by pony x Shiseido (with subs) í¬ë‹ˆ x ì‹œì„¸ì´ë„ ìƒˆë¡œìš´ ì»¬ë ‰ì…˜ì„ í™œìš©í•œ ë‘ ê°€ì§€ ë£©,https://www.youtube.com/watch?v=PXZ8B9LR8Uo&list=PLj6FeOwWCFCqImX8j84M9uOAGhZ2PI-GS&index=68&t=0s,https://i.ytimg.com/vi/PXZ8B9LR8Uo/maxresdefault.jpg
PONY Syndrome,Makeup Tutorials,https://www.youtube.com/playlist?list=PLj6FeOwWCFCqImX8j84M9uOAGhZ2PI-GS,BOLD RED LIP MAKEUPğŸ’‹(With subs) ë³¼ë“œ ë ˆë“œ ë¦½ ë©”ì´í¬ì—…,https://www.youtube.com/watch?v=p7BXc7GPsYA&list=PLj6FeOwWCFCqImX8j84M9uOAGhZ2PI-GS&index=69&t=0s,https://i.ytimg.com/vi/p7BXc7GPsYA/maxresdefault.jpg
PONY Syndrome,Makeup Tutorials,https://www.youtube.com/playlist?list=PLj6FeOwWCFCqImX8j84M9uOAGhZ2PI-GS,ìŠ¤í‚¨ë¶€í„° ì°¨ê³¡ì°¨ê³¡! ê¿€ê²¹ ë² ì´ìŠ¤ ë©”ì´í¬ì—…(feat. ìŠ¤í‚¨ì¼€ì–´ ê¿€íŒ) ì´ë‹ˆìŠ¤í”„ë¦¬ innisfree,https://www.youtube.com/watch?v=YRsMzSXZU-o&list=PLj6FeOwWCFCqImX8j84M9uOAGhZ2PI-GS&index=70&t=0s,https://i.ytimg.com/vi/YRsMzSXZU-o/maxresdefault.jpg
PONY Syndrome,Makeup Tutorials,https://www.youtube.com/playlist?list=PLj6FeOwWCFCqImX8j84M9uOAGhZ2PI-GS,PONY THE GLOBETROTTER + GRWM (With subs) Sydney ì‹œë“œë‹ˆ GRWM,https://www.youtube.com/watch?v=8W29fPyz638&list=PLj6FeOwWCFCqImX8j84M9uOAGhZ2PI-GS&index=71&t=0s,https://i.ytimg.com/vi/8W29fPyz638/maxresdefault.jpg
PONY Syndrome,Makeup Tutorials,https://www.youtube.com/playlist?list=PLj6FeOwWCFCqImX8j84M9uOAGhZ2PI-GS,PONY THE GLOBETROTTER + GRWM (With subs) Kuala Lumpur ì¿ ì•Œë¼ë£¸í‘¸ë¥´ GRWM,https://www.youtube.com/watch?v=lAO1wHWH4zY&list=PLj6FeOwWCFCqImX8j84M9uOAGhZ2PI-GS&index=72&t=0s,https://i.ytimg.com/vi/lAO1wHWH4zY/maxresdefault.jpg
PONY Syndrome,Makeup Tutorials,https://www.youtube.com/playlist?list=PLj6FeOwWCFCqImX8j84M9uOAGhZ2PI-GS,PONY THE GLOBETROTTER + GRWM (With subs) Berlin ë² ë¥¼ë¦° GRWM,https://www.youtube.com/watch?v=NRa6YGhT2kU&list=PLj6FeOwWCFCqImX8j84M9uOAGhZ2PI-GS&index=73&t=0s,https://i.ytimg.com/vi/NRa6YGhT2kU/maxresdefault.jpg
PONY Syndrome,collaboration,https://www.youtube.com/playlist?list=PLj6FeOwWCFCo3tQVf6QjriXuiFHyp5PNF,Uncovering by PONY X Dior (With subs) - ì–¸ì»¤ë²„ë§ by í¬ë‹ˆ X ë””ì˜¬,https://www.youtube.com/watch?v=c78mv_Etet8&list=PLj6FeOwWCFCo3tQVf6QjriXuiFHyp5PNF&t=0s&index=2,https://i.ytimg.com/vi/c78mv_Etet8/maxresdefault.jpg
PONY Syndrome,collaboration,https://www.youtube.com/playlist?list=PLj6FeOwWCFCo3tQVf6QjriXuiFHyp5PNF,shu uemura x PONY Rouge Unlimited Supreme Matte 24 lip shades  ë£¨ì¦ˆ ì–¸ë¦¬ë¯¸í‹°ë“œ ìŠˆí”„ë¦¼ ë§ˆëœ¨ 24ê°€ì§€ ì „ ìƒ‰ìƒ ë°œìƒ‰,https://www.youtube.com/watch?v=_pGdcsrbSQ8&list=PLj6FeOwWCFCo3tQVf6QjriXuiFHyp5PNF&t=0s&index=3,https://i.ytimg.com/vi/_pGdcsrbSQ8/maxresdefault.jpg
PONY Syndrome,collaboration,https://www.youtube.com/playlist?list=PLj6FeOwWCFCo3tQVf6QjriXuiFHyp5PNF,Pony in LA,https://www.youtube.com/watch?v=JMClWKtLndY&list=PLj6FeOwWCFCo3tQVf6QjriXuiFHyp5PNF&t=0s&index=4,https://i.ytimg.com/vi/JMClWKtLndY/maxresdefault.jpg
PONY Syndrome,collaboration,https://www.youtube.com/playlist?list=PLj6FeOwWCFCo3tQVf6QjriXuiFHyp5PNF,Shu uemura x PONY Petal Skin Look (With subs) ìŠˆì—ë¬´ë¼Xí¬ë‹ˆ í˜íƒˆ ìŠ¤í‚¨ ë£©,https://www.youtube.com/watch?v=R4x8ZZriwn0&list=PLj6FeOwWCFCo3tQVf6QjriXuiFHyp5PNF&t=0s&index=5,https://i.ytimg.com/vi/R4x8ZZriwn0/maxresdefault.jpg
PONY Syndrome,collaboration,https://www.youtube.com/playlist?list=PLj6FeOwWCFCo3tQVf6QjriXuiFHyp5PNF,Shu uemura x PONY Pink in bloom (With subs) ìŠˆì—ë¬´ë¼ x í¬ë‹ˆ í•‘í¬ ì¸ ë¸”ë£¸,https://www.youtube.com/watch?v=rd_aSEXMMk0&list=PLj6FeOwWCFCo3tQVf6QjriXuiFHyp5PNF&t=0s&index=6,https://i.ytimg.com/vi/rd_aSEXMMk0/maxresdefault.jpg
PONY Syndrome,collaboration,https://www.youtube.com/playlist?list=PLj6FeOwWCFCo3tQVf6QjriXuiFHyp5PNF,Uncovering by pony x MISSHA (with subs) ì–¸ì»¤ë²„ë§ by í¬ë‹ˆ x ë¯¸ìƒ¤,https://www.youtube.com/watch?v=b-ZeXCcmTNo&list=PLj6FeOwWCFCo3tQVf6QjriXuiFHyp5PNF&t=0s&index=7,https://i.ytimg.com/vi/b-ZeXCcmTNo/maxresdefault.jpg
PONY Syndrome,collaboration,https://www.youtube.com/playlist?list=PLj6FeOwWCFCo3tQVf6QjriXuiFHyp5PNF,ETUDE x PONY Play 101 stick Contour-fessional (with subs) ì—ë›°ë“œ í”Œë ˆì´ 101 ìŠ¤í‹± ì»¨íˆ¬ì–´ë“€ì˜¤ x í¬ë‹ˆ,https://www.youtube.com/watch?v=tesTty49M4c&list=PLj6FeOwWCFCo3tQVf6QjriXuiFHyp5PNF&t=0s&index=8,https://i.ytimg.com/vi/tesTty49M4c/maxresdefault.jpg
PONY Syndrome,collaboration,https://www.youtube.com/playlist?list=PLj6FeOwWCFCo3tQVf6QjriXuiFHyp5PNF,Uncovering by PONY x CLINIQUE (with subs) ì–¸ì»¤ë²„ë§ by í¬ë‹ˆ x í¬ë¦¬ë‹ˆí¬,https://www.youtube.com/watch?v=tRfHQWrKJD4&list=PLj6FeOwWCFCo3tQVf6QjriXuiFHyp5PNF&t=0s&index=9,https://i.ytimg.com/vi/tRfHQWrKJD4/maxresdefault.jpg
PONY Syndrome,collaboration,https://www.youtube.com/playlist?list=PLj6FeOwWCFCo3tQVf6QjriXuiFHyp5PNF,Uncovering by pony x Mamonde (with subs) ì–¸ì»¤ë²„ë§ by í¬ë‹ˆ x ë§ˆëª½ë“œ,https://www.youtube.com/watch?v=y4jMe9kbm70&list=PLj6FeOwWCFCo3tQVf6QjriXuiFHyp5PNF&t=0s&index=10,https://i.ytimg.com/vi/y4jMe9kbm70/maxresdefault.jpg
PONY Syndrome,collaboration,https://www.youtube.com/playlist?list=PLj6FeOwWCFCo3tQVf6QjriXuiFHyp5PNF,SJSJ x PONY â€˜Artistic colorful lifeâ€™,https://www.youtube.com/watch?v=ExhILJEh_yc&list=PLj6FeOwWCFCo3tQVf6QjriXuiFHyp5PNF&t=0s&index=11,https://i.ytimg.com/vi/ExhILJEh_yc/maxresdefault.jpg
PONY Syndrome,collaboration,https://www.youtube.com/playlist?list=PLj6FeOwWCFCo3tQVf6QjriXuiFHyp5PNF,shu uemura x PONY Rouge unlimited 6 lip looks ìŠˆì—ë¬´ë¼ X í¬ë‹ˆ ë£¨ì¦ˆ ì–¸ë¦¬ë¯¸í‹°ë“œ 6ê°€ì§€ ë¦½ ë£©,https://www.youtube.com/watch?v=pQym8MgKf3g&list=PLj6FeOwWCFCo3tQVf6QjriXuiFHyp5PNF&t=0s&index=12,https://i.ytimg.com/vi/pQym8MgKf3g/maxresdefault.jpg
PONY Syndrome,collaboration,https://www.youtube.com/playlist?list=PLj6FeOwWCFCo3tQVf6QjriXuiFHyp5PNF,The Glow Challenge,https://www.youtube.com/watch?v=P0pnhycAuOo&list=PLj6FeOwWCFCo3tQVf6QjriXuiFHyp5PNF&t=0s&index=13,https://i.ytimg.com/vi/P0pnhycAuOo/maxresdefault.jpg
PONY Syndrome,collaboration,https://www.youtube.com/playlist?list=PLj6FeOwWCFCo3tQVf6QjriXuiFHyp5PNF,Lovely & Chic cool-tone makeup with innisfree (With subs) ë°˜ì „ ì¿¨í†¤ ë©”ì´í¬ì—…,https://www.youtube.com/watch?v=_kBPRzINGGg&list=PLj6FeOwWCFCo3tQVf6QjriXuiFHyp5PNF&t=0s&index=14,https://i.ytimg.com/vi/_kBPRzINGGg/maxresdefault.jpg
PONY Syndrome,collaboration,https://www.youtube.com/playlist?list=PLj6FeOwWCFCo3tQVf6QjriXuiFHyp5PNF,Spring warm-tone makeup with innisfree (With subs) ì…ì¶˜ ì›œí†¤ ë©”ì´í¬ì—…,https://www.youtube.com/watch?v=JyWtEgMy1Cc&list=PLj6FeOwWCFCo3tQVf6QjriXuiFHyp5PNF&t=0s&index=15,https://i.ytimg.com/vi/JyWtEgMy1Cc/maxresdefault.jpg
PONY Syndrome,collaboration,https://www.youtube.com/playlist?list=PLj6FeOwWCFCo3tQVf6QjriXuiFHyp5PNF,[MV] OUTTA MY MIND - PONY (With Crushed Lip Color),https://www.youtube.com/watch?v=Y62jorbjs3I&list=PLj6FeOwWCFCo3tQVf6QjriXuiFHyp5PNF&t=0s&index=16,https://i.ytimg.com/vi/Y62jorbjs3I/maxresdefault.jpg
PONY Syndrome,collaboration,https://www.youtube.com/playlist?list=PLj6FeOwWCFCo3tQVf6QjriXuiFHyp5PNF,PONY X HA:TFELT Soft Burgundy Makeup (With subs) í¬ë‹ˆ X í•«í íŠ¸ ì†Œí”„íŠ¸ ë²„ê±´ë”” ë©”ì´í¬ì—…,https://www.youtube.com/watch?v=wtiXEXpdpsw&list=PLj6FeOwWCFCo3tQVf6QjriXuiFHyp5PNF&t=0s&index=17,https://i.ytimg.com/vi/wtiXEXpdpsw/maxresdefault.jpg
PONY Syndrome,collaboration,https://www.youtube.com/playlist?list=PLj6FeOwWCFCo3tQVf6QjriXuiFHyp5PNF,SUQQU X PONY Modern Chic Tangerine Look (With subs) ìŠ·ì¿ Xí¬ë‹ˆ ëª¨ë˜ ì‹œí¬ íƒ ì €ë¦° ë£©,https://www.youtube.com/watch?v=Pt__n76J60M&list=PLj6FeOwWCFCo3tQVf6QjriXuiFHyp5PNF&t=0s&index=18,https://i.ytimg.com/vi/Pt__n76J60M/maxresdefault.jpg
PONY Syndrome,collaboration,https://www.youtube.com/playlist?list=PLj6FeOwWCFCo3tQVf6QjriXuiFHyp5PNF,ìŠ¤í‚¨ë¶€í„° ì°¨ê³¡ì°¨ê³¡! ê¿€ê²¹ ë² ì´ìŠ¤ ë©”ì´í¬ì—…(feat. ìŠ¤í‚¨ì¼€ì–´ ê¿€íŒ) ì´ë‹ˆìŠ¤í”„ë¦¬ innisfree,https://www.youtube.com/watch?v=YRsMzSXZU-o&list=PLj6FeOwWCFCo3tQVf6QjriXuiFHyp5PNF&t=0s&index=19,https://i.ytimg.com/vi/YRsMzSXZU-o/maxresdefault.jpg
PONY Syndrome,Instagram Makeup,https://www.youtube.com/playlist?list=PLj6FeOwWCFCqD4DsukLV9Q0MBWf74Bs_j,Instagram Makeup-Summer daily look (With subs) ì¸ìŠ¤íƒ€ ë©”ì´í¬ì—…-ì¸ë¨¸ ë°ì¼ë¦¬ ë£©,https://www.youtube.com/watch?v=k1-Kj6Y8YjQ&list=PLj6FeOwWCFCqD4DsukLV9Q0MBWf74Bs_j&index=2&t=0s,https://i.ytimg.com/vi/k1-Kj6Y8YjQ/maxresdefault.jpg
PONY Syndrome,Instagram Makeup,https://www.youtube.com/playlist?list=PLj6FeOwWCFCqD4DsukLV9Q0MBWf74Bs_j,Instagram Makeup-Sexy lashes look (With subs) ì¸ìŠ¤íƒ€ ë©”ì´í¬ì—…-ì„¹ì‹œ ë˜ì‰¬ ë£©,https://www.youtube.com/watch?v=ja_DflYDg3c&list=PLj6FeOwWCFCqD4DsukLV9Q0MBWf74Bs_j&index=3&t=0s,https://i.ytimg.com/vi/ja_DflYDg3c/maxresdefault.jpg
PONY Syndrome,Instagram Makeup,https://www.youtube.com/playlist?list=PLj6FeOwWCFCqD4DsukLV9Q0MBWf74Bs_j,Shanghai Trip â€˜get ready with meâ€™ (With subs) ì¤‘êµ­ ìƒí•´ ì¶œì¥ ê²Ÿë ˆë””ìœ—ë¯¸! GRWM,https://www.youtube.com/watch?v=Gqa9svhOHCo&list=PLj6FeOwWCFCqD4DsukLV9Q0MBWf74Bs_j&index=4&t=0s,https://i.ytimg.com/vi/Gqa9svhOHCo/maxresdefault.jpg
PONY Syndrome,Instagram Makeup,https://www.youtube.com/playlist?list=PLj6FeOwWCFCqD4DsukLV9Q0MBWf74Bs_j,Instagram Make up (With subs) Singapore Trip Makeup Tutorial ì¸ìŠ¤íƒ€ ë©”ì´í¬ì—…-ì‹±ê°€í´ ì¶œì¥ ë©”ì´í¬ì—…,https://www.youtube.com/watch?v=bNYNbGKGcbw&list=PLj6FeOwWCFCqD4DsukLV9Q0MBWf74Bs_j&index=5&t=0s,https://i.ytimg.com/vi/bNYNbGKGcbw/maxresdefault.jpg
PONY Syndrome,Instagram Makeup,https://www.youtube.com/playlist?list=PLj6FeOwWCFCqD4DsukLV9Q0MBWf74Bs_j,Taylor swift transformation make up (With subs) í…Œì¼ëŸ¬ ìŠ¤ìœ„í”„íŠ¸ ì»¤ë²„ ë©”ì´í¬ì—…,https://www.youtube.com/watch?v=x9EF-r4LMUI&list=PLj6FeOwWCFCqD4DsukLV9Q0MBWf74Bs_j&index=6&t=0s,https://i.ytimg.com/vi/x9EF-r4LMUI/maxresdefault.jpg
PONY Syndrome,Instagram Makeup,https://www.youtube.com/playlist?list=PLj6FeOwWCFCqD4DsukLV9Q0MBWf74Bs_j,Apricot Make UpğŸ‘ (With subs) ì‚´êµ¬ ë©”ì´í¬ì—…,https://www.youtube.com/watch?v=AvK3g2Va-2c&list=PLj6FeOwWCFCqD4DsukLV9Q0MBWf74Bs_j&index=7&t=0s,https://i.ytimg.com/vi/AvK3g2Va-2c/maxresdefault.jpg
PONY Syndrome,Instagram Makeup,https://www.youtube.com/playlist?list=PLj6FeOwWCFCqD4DsukLV9Q0MBWf74Bs_j,Natural Make up (With subs) ë‚´ì¶”ëŸ´ ë©”ì´í¬ì—…,https://www.youtube.com/watch?v=tRUGnDVnI60&list=PLj6FeOwWCFCqD4DsukLV9Q0MBWf74Bs_j&index=8&t=0s,https://i.ytimg.com/vi/tRUGnDVnI60/maxresdefault.jpg
PONY Syndrome,Instagram Makeup,https://www.youtube.com/playlist?list=PLj6FeOwWCFCqD4DsukLV9Q0MBWf74Bs_j,Burgundy Make Up (With subs) ë²„ê±´ë”” ë©”ì´í¬ì—…,https://www.youtube.com/watch?v=Z4y93CqsYbk&list=PLj6FeOwWCFCqD4DsukLV9Q0MBWf74Bs_j&index=9&t=0s,https://i.ytimg.com/vi/Z4y93CqsYbk/maxresdefault.jpg
PONY Syndrome,Instagram Makeup,https://www.youtube.com/playlist?list=PLj6FeOwWCFCqD4DsukLV9Q0MBWf74Bs_j,Tokyo Trip GRWM (With subs) í‚¤ë¼í‚¤ë¼ ì´ê°€ë¦¬ ë©”ì´í¬ì—… (ìˆ™ì·¨ë©”ì´í¬ì—…),https://www.youtube.com/watch?v=VM9_5yI4mfQ&list=PLj6FeOwWCFCqD4DsukLV9Q0MBWf74Bs_j&index=10&t=0s,https://i.ytimg.com/vi/VM9_5yI4mfQ/maxresdefault.jpg
PONY Syndrome,Instagram Makeup,https://www.youtube.com/playlist?list=PLj6FeOwWCFCqD4DsukLV9Q0MBWf74Bs_j,Instagram Makeup - Purple Lip Makeup (With subs) ì¸ìŠ¤íƒ€ ë©”ì´í¬ì—… - í¼í”Œ ë¦½ ë©”ì´í¬ì—…,https://www.youtube.com/watch?v=xYAXq8Z1tfE&list=PLj6FeOwWCFCqD4DsukLV9Q0MBWf74Bs_j&index=11&t=0s,https://i.ytimg.com/vi/xYAXq8Z1tfE/maxresdefault.jpg
PONY Syndrome,Instagram Makeup,https://www.youtube.com/playlist?list=PLj6FeOwWCFCqD4DsukLV9Q0MBWf74Bs_j,Instagram Makeup â€“ Christmas Makeup (With.subs) ì¸ìŠ¤íƒ€Â ë©”ì´í¬ì—…Â -Â í¬ë¦¬ìŠ¤ë§ˆìŠ¤Â ë©”ì´í¬ì—…,https://www.youtube.com/watch?v=1nkfclSzYEk&list=PLj6FeOwWCFCqD4DsukLV9Q0MBWf74Bs_j&index=12&t=0s,https://i.ytimg.com/vi/1nkfclSzYEk/maxresdefault.jpg
PONY Syndrome,Instagram Makeup,https://www.youtube.com/playlist?list=PLj6FeOwWCFCqD4DsukLV9Q0MBWf74Bs_j,Instagram Makeup - Snowflake Makeup (With subs) ì¸ìŠ¤íƒ€ ë©”ì´í¬ì—… - ëˆˆê½ƒ ë©”ì´í¬ì—…,https://www.youtube.com/watch?v=lbDalERJ2Os&list=PLj6FeOwWCFCqD4DsukLV9Q0MBWf74Bs_j&index=13&t=0s,https://i.ytimg.com/vi/lbDalERJ2Os/maxresdefault.jpg
PONY Syndrome,Instagram Makeup,https://www.youtube.com/playlist?list=PLj6FeOwWCFCqD4DsukLV9Q0MBWf74Bs_j,Instagram Makeup - Paris Red Lip Makeup (With subs) ì¸ìŠ¤íƒ€ ë©”ì´í¬ì—… - íŒŒë¦¬ ë ˆë“œ ë¦½ ë©”ì´í¬ì—…,https://www.youtube.com/watch?v=IMtu6l-gXTA&list=PLj6FeOwWCFCqD4DsukLV9Q0MBWf74Bs_j&index=14&t=0s,https://i.ytimg.com/vi/IMtu6l-gXTA/maxresdefault.jpg
PONY Syndrome,Instagram Makeup,https://www.youtube.com/playlist?list=PLj6FeOwWCFCqD4DsukLV9Q0MBWf74Bs_j,Pink Gold Glittery Make up (With subs) í•‘í¬ ê³¨ë“œ ê¸€ë¦¬í„°ë¦¬ ë©”ì´í¬ì—…,https://www.youtube.com/watch?v=jOv_d2EtRUA&list=PLj6FeOwWCFCqD4DsukLV9Q0MBWf74Bs_j&index=15&t=0s,https://i.ytimg.com/vi/jOv_d2EtRUA/maxresdefault.jpg
PONY Syndrome,Instagram Makeup,https://www.youtube.com/playlist?list=PLj6FeOwWCFCqD4DsukLV9Q0MBWf74Bs_j,ğŸŒº Coachella Festival Make up (With subs) Palm Springs  ì½”ì²¼ë¼ í˜ìŠ¤í‹°ë²Œ ë©”ì´í¬ì—…ğŸŒ™ğŸ”® - íŒœìŠ¤í”„ë§ìŠ¤ í¸,https://www.youtube.com/watch?v=tE4j5v4fPUM&list=PLj6FeOwWCFCqD4DsukLV9Q0MBWf74Bs_j&index=16&t=0s,https://i.ytimg.com/vi/tE4j5v4fPUM/maxresdefault.jpg
PONY Syndrome,Instagram Makeup,https://www.youtube.com/playlist?list=PLj6FeOwWCFCqD4DsukLV9Q0MBWf74Bs_j,ğŸ¥€Instagram Makeup-Flower that Blooms at night (With subs) ì¸ìŠ¤íƒ€ ë©”ì´í¬ì—… - ë°¤ì— í”¼ëŠ” ê½ƒ,https://www.youtube.com/watch?v=xguRUMGhhbc&list=PLj6FeOwWCFCqD4DsukLV9Q0MBWf74Bs_j&index=17&t=0s,https://i.ytimg.com/vi/xguRUMGhhbc/maxresdefault.jpg
PONY Syndrome,Instagram Makeup,https://www.youtube.com/playlist?list=PLj6FeOwWCFCqD4DsukLV9Q0MBWf74Bs_j,BOLD RED LIP MAKEUPğŸ’‹(With subs) ë³¼ë“œ ë ˆë“œ ë¦½ ë©”ì´í¬ì—…,https://www.youtube.com/watch?v=p7BXc7GPsYA&list=PLj6FeOwWCFCqD4DsukLV9Q0MBWf74Bs_j&index=18&t=0s,https://i.ytimg.com/vi/p7BXc7GPsYA/maxresdefault.jpg
PONY Syndrome,Uncovering by PONY,https://www.youtube.com/playlist?list=PLj6FeOwWCFCqvXEfKINxqqynlPu3flr2l,Uncovering by PONY X Dior (With subs) - ì–¸ì»¤ë²„ë§ by í¬ë‹ˆ X ë””ì˜¬,https://www.youtube.com/watch?v=c78mv_Etet8&list=PLj6FeOwWCFCqvXEfKINxqqynlPu3flr2l&t=0s&index=2,https://i.ytimg.com/vi/c78mv_Etet8/maxresdefault.jpg
PONY Syndrome,Uncovering by PONY,https://www.youtube.com/playlist?list=PLj6FeOwWCFCqvXEfKINxqqynlPu3flr2l,Uncovering by PONY x CLINIQUE (with subs) ì–¸ì»¤ë²„ë§ by í¬ë‹ˆ x í¬ë¦¬ë‹ˆí¬,https://www.youtube.com/watch?v=tRfHQWrKJD4&list=PLj6FeOwWCFCqvXEfKINxqqynlPu3flr2l&t=0s&index=3,https://i.ytimg.com/vi/tRfHQWrKJD4/maxresdefault.jpg
PONY Syndrome,Uncovering by PONY,https://www.youtube.com/playlist?list=PLj6FeOwWCFCqvXEfKINxqqynlPu3flr2l,Uncovering by pony x MISSHA (with subs) ì–¸ì»¤ë²„ë§ by í¬ë‹ˆ x ë¯¸ìƒ¤,https://www.youtube.com/watch?v=b-ZeXCcmTNo&list=PLj6FeOwWCFCqvXEfKINxqqynlPu3flr2l&t=0s&index=4,https://i.ytimg.com/vi/b-ZeXCcmTNo/maxresdefault.jpg
PONY Syndrome,Uncovering by PONY,https://www.youtube.com/playlist?list=PLj6FeOwWCFCqvXEfKINxqqynlPu3flr2l,Uncovering by pony x Mamonde (with subs) ì–¸ì»¤ë²„ë§ by í¬ë‹ˆ x ë§ˆëª½ë“œ,https://www.youtube.com/watch?v=y4jMe9kbm70&list=PLj6FeOwWCFCqvXEfKINxqqynlPu3flr2l&t=0s&index=5,https://i.ytimg.com/vi/y4jMe9kbm70/maxresdefault.jpg
PONY Syndrome,Uncovering by PONY,https://www.youtube.com/playlist?list=PLj6FeOwWCFCqvXEfKINxqqynlPu3flr2l,"Full-coverage makeup for sensitive skin, Dr.Jart+'s Dermakeup(With subs) ì§„ì • ì»¤ë²„ ë©”ì´í¬ì—… - ë‹¥í„°ìë¥´íŠ¸ ë”ë©”ì´í¬ì—…",https://www.youtube.com/watch?v=AZaJHXBcBvk&list=PLj6FeOwWCFCqvXEfKINxqqynlPu3flr2l&t=0s&index=6,https://i.ytimg.com/vi/AZaJHXBcBvk/maxresdefault.jpg
PONY Syndrome,Uncovering by PONY,https://www.youtube.com/playlist?list=PLj6FeOwWCFCqvXEfKINxqqynlPu3flr2l,Uncovering by pony x Shiseido (with subs) í¬ë‹ˆ x ì‹œì„¸ì´ë„ ìƒˆë¡œìš´ ì»¬ë ‰ì…˜ì„ í™œìš©í•œ ë‘ ê°€ì§€ ë£©,https://www.youtube.com/watch?v=PXZ8B9LR8Uo&list=PLj6FeOwWCFCqvXEfKINxqqynlPu3flr2l&t=0s&index=7,https://i.ytimg.com/vi/PXZ8B9LR8Uo/maxresdefault.jpg
PONY Syndrome,Q&A Special,https://www.youtube.com/playlist?list=PLj6FeOwWCFCoA-SmEjsQvP87NQkAr1Bmp,Q & A Special (With subs) ëŒ“ê¸€íŠ¹ì§‘,https://www.youtube.com/watch?v=QyRvxhNNTTo&list=PLj6FeOwWCFCoA-SmEjsQvP87NQkAr1Bmp&index=2&t=0s,https://i.ytimg.com/vi/QyRvxhNNTTo/maxresdefault.jpg
PONY Syndrome,Q&A Special,https://www.youtube.com/playlist?list=PLj6FeOwWCFCoA-SmEjsQvP87NQkAr1Bmp,Q & A Special (With subs) ëŒ“ê¸€íŠ¹ì§‘,https://www.youtube.com/watch?v=uQIKFauc1DU&list=PLj6FeOwWCFCoA-SmEjsQvP87NQkAr1Bmp&index=3&t=0s,https://i.ytimg.com/vi/uQIKFauc1DU/maxresdefault.jpg
PONY Syndrome,Q&A Special,https://www.youtube.com/playlist?list=PLj6FeOwWCFCoA-SmEjsQvP87NQkAr1Bmp,Q & A Special (With subs) ëŒ“ê¸€íŠ¹ì§‘ - ê°œì¸ì§ˆë¬¸ í¸,https://www.youtube.com/watch?v=6ZBk5djiAPo&list=PLj6FeOwWCFCoA-SmEjsQvP87NQkAr1Bmp&index=4&t=0s,https://i.ytimg.com/vi/6ZBk5djiAPo/maxresdefault.jpg
PONY Syndrome,Shopping,https://www.youtube.com/playlist?list=PLj6FeOwWCFCpVudC8Pyqtid1jA70W0lgr,[ë¹„ê³µê°œ ë™ì˜ìƒ],https://www.youtube.com/watch?v=51Z8yTq0Bsk&list=PLj6FeOwWCFCpVudC8Pyqtid1jA70W0lgr&index=2,https://s.ytimg.com/yts/img/no_thumbnail-vfl4t3-4R.jpg
PONY Syndrome,Tour,https://www.youtube.com/playlist?list=PLj6FeOwWCFCoUFAZ5py3_76OoAYg851FZ,[ë¹„ê³µê°œ ë™ì˜ìƒ],https://www.youtube.com/watch?v=Mz7xAVWZ9Zw&list=PLj6FeOwWCFCoUFAZ5py3_76OoAYg851FZ&index=2,https://s.ytimg.com/yts/img/no_thumbnail-vfl4t3-4R.jpg
PONY Syndrome,Tour,https://www.youtube.com/playlist?list=PLj6FeOwWCFCoUFAZ5py3_76OoAYg851FZ,[ë¹„ê³µê°œ ë™ì˜ìƒ],https://www.youtube.com/watch?v=6j9HD6O8dhE&list=PLj6FeOwWCFCoUFAZ5py3_76OoAYg851FZ&index=3,https://s.ytimg.com/yts/img/no_thumbnail-vfl4t3-4R.jpg
PONY Syndrome,Tour,https://www.youtube.com/playlist?list=PLj6FeOwWCFCoUFAZ5py3_76OoAYg851FZ,Singapore Trip â€˜get ready with meâ€™! (With subs) ì‹±ê°€í´ ì¶œì¥ ê²Ÿë ˆë””ìœ—ë¯¸!,https://www.youtube.com/watch?v=72ClsmFzWWo&t=0s&list=PLj6FeOwWCFCoUFAZ5py3_76OoAYg851FZ&index=4,https://i.ytimg.com/vi/72ClsmFzWWo/maxresdefault.jpg
PONY Syndrome,Tour,https://www.youtube.com/playlist?list=PLj6FeOwWCFCoUFAZ5py3_76OoAYg851FZ,Shanghai Trip â€˜get ready with meâ€™ (With subs) ì¤‘êµ­ ìƒí•´ ì¶œì¥ ê²Ÿë ˆë””ìœ—ë¯¸! GRWM,https://www.youtube.com/watch?v=Gqa9svhOHCo&t=0s&list=PLj6FeOwWCFCoUFAZ5py3_76OoAYg851FZ&index=5,https://i.ytimg.com/vi/Gqa9svhOHCo/maxresdefault.jpg
PONY Syndrome,Tour,https://www.youtube.com/playlist?list=PLj6FeOwWCFCoUFAZ5py3_76OoAYg851FZ,Instagram Make up (With subs) Singapore Trip Makeup Tutorial ì¸ìŠ¤íƒ€ ë©”ì´í¬ì—…-ì‹±ê°€í´ ì¶œì¥ ë©”ì´í¬ì—…,https://www.youtube.com/watch?v=bNYNbGKGcbw&t=0s&list=PLj6FeOwWCFCoUFAZ5py3_76OoAYg851FZ&index=6,https://i.ytimg.com/vi/bNYNbGKGcbw/maxresdefault.jpg
PONY Syndrome,Tour,https://www.youtube.com/playlist?list=PLj6FeOwWCFCoUFAZ5py3_76OoAYg851FZ,Tokyo Trip GRWM (With subs) í‚¤ë¼í‚¤ë¼ ì´ê°€ë¦¬ ë©”ì´í¬ì—… (ìˆ™ì·¨ë©”ì´í¬ì—…),https://www.youtube.com/watch?v=VM9_5yI4mfQ&t=0s&list=PLj6FeOwWCFCoUFAZ5py3_76OoAYg851FZ&index=7,https://i.ytimg.com/vi/VM9_5yI4mfQ/maxresdefault.jpg
PONY Syndrome,Transformation,https://www.youtube.com/playlist?list=PLj6FeOwWCFCoMfigDJ90CwV6lZN49YLFK,Sims Transformation Makeup (With subs) ì‹¬ì¦ˆÂ ì»¤ë²„Â ë©”ì´í¬ì—…,https://www.youtube.com/watch?v=Kwy5tyvT3YE&list=PLj6FeOwWCFCoMfigDJ90CwV6lZN49YLFK&index=2&t=0s,https://i.ytimg.com/vi/Kwy5tyvT3YE/maxresdefault.jpg
PONY Syndrome,Transformation,https://www.youtube.com/playlist?list=PLj6FeOwWCFCoMfigDJ90CwV6lZN49YLFK,Taylor swift transformation make up (With subs) í…Œì¼ëŸ¬ ìŠ¤ìœ„í”„íŠ¸ ì»¤ë²„ ë©”ì´í¬ì—…,https://www.youtube.com/watch?v=x9EF-r4LMUI&list=PLj6FeOwWCFCoMfigDJ90CwV6lZN49YLFK&index=3&t=0s,https://i.ytimg.com/vi/x9EF-r4LMUI/maxresdefault.jpg
PONY Syndrome,Transformation,https://www.youtube.com/playlist?list=PLj6FeOwWCFCoMfigDJ90CwV6lZN49YLFK,Kylie Jenner Transformation Make-up (With sub) ì¹´ì¼ë¦¬ ì œë„ˆ ì»¤ë²„ ë©”ì´í¬ì—…,https://www.youtube.com/watch?v=dqOsYjKtrZI&list=PLj6FeOwWCFCoMfigDJ90CwV6lZN49YLFK&index=4&t=0s,https://i.ytimg.com/vi/dqOsYjKtrZI/maxresdefault.jpg
