,div,cate,cate_link,sub_cate,category2,pdName,price,pdImg,pdLink,pdDes
0,유형별,스킨케어,/kr/ko/shopping/product/skin_care.html,스킨/로션,MTG1110,인리치드 뉴트리 에멀젼,"18,0",/kr/ko/product/20161006/Enriched_Nutri_Emulsion_01.jpg,/kr/ko/shopping/product/skin_care/view.110650234.html,건조하고 메마른 피부를 건강하고 촉촉하게 가꿔주는 고영양 에멀젼
1,유형별,스킨케어,/kr/ko/shopping/product/skin_care.html,스킨/로션,MTG1110,인리치드 뉴트리 스킨소프너,"16,0",/kr/ko/product/20161006/Enriched_Nutri_Skin_Softener_01.jpg,/kr/ko/shopping/product/skin_care/view.110650233.html,건조하고 메마른 피부를 건강하고 촉촉하게 가꿔주는 고영양 스킨
2,유형별,스킨케어,/kr/ko/shopping/product/skin_care.html,스킨/로션,MTG1110,모이스처 세라마이드 에멀전,"18,0",/kr/ko/product/20160829/MOISTURE_CERAMINDE_EMULSION.jpg,/kr/ko/shopping/product/skin_care/view.110650205.html,"흐트러진 피부 장벽을 강화 시켜 주어 빈틈 없는
촉촉함을 제공하는 고보습 로션"
3,유형별,스킨케어,/kr/ko/shopping/product/skin_care.html,스킨/로션,MTG1110,모이스처 세라마이드 스킨 소프너,"16,0",/kr/ko/product/20160829/MOISTURE_CERAMINDE_SKIN_SOFTNER.jpg,/kr/ko/shopping/product/skin_care/view.110650204.html,"흐트러진 피부 장벽을 강화 시켜 주어 빈틈 없는
촉촉함을 제공하는 고보습 스킨"
4,유형별,스킨케어,/kr/ko/shopping/product/skin_care.html,스킨/로션,MTG1110,에이지 컨트롤 2종 세트,"46,0",/kr/ko/product/age-control-special-set_170101_1.jpg,/kr/ko/shopping/product/skin_care/view.110650539.html,"붉은 꽃, 동백의 강력한 항산화력을 담은 안티에이징 2종 세트"
5,유형별,스킨케어,/kr/ko/shopping/product/skin_care.html,스킨/로션,MTG1110,AC 밸런스 에멀젼 150ML,"15,0",/kr/ko/product/ac_balance_emulsion_01.jpg,/kr/ko/shopping/product/skin_care/view.110650082.html,피부 유ㆍ수분 밸런스를 조절해주며 얇은 수분 막을 형성하여 당김 없이 산뜻하게 촉촉함을 부...
6,유형별,스킨케어,/kr/ko/shopping/product/skin_care.html,스킨/로션,MTG1110,AC 밸런스 토너 200ML,"13,0",/kr/ko/product/ac_balance_toner_01.jpg,/kr/ko/shopping/product/skin_care/view.110650081.html,묵은 각질과 노폐물을 부드럽게 닦아 내고 과다하게 분비된 피지를 케어해 주어 피부를 청량하...
7,유형별,스킨케어,/kr/ko/shopping/product/skin_care.html,스킨/로션,MTG1110,플로랄 하이드로 미스트,"12,0",/kr/ko/product/16.Floral_Hydro_mist.jpg,/kr/ko/shopping/product/skin_care/view.110656091.html,"피부가 달아오르고 건조할 때, 상쾌한 수선화 수분이 메마른 피부를 촉촉하게 채워주어 쿨링 ..."
8,유형별,스킨케어,/kr/ko/shopping/product/skin_care.html,스킨/로션,MTG1110,플로랄 하이드로 에멀젼,"17,0",/kr/ko/product/2.Floral_Hydro_emulsion.jpg,/kr/ko/shopping/product/skin_care/view.110656099.html,"수선화 수분 저장 에멀젼
산뜻하게 흡수되고 뛰어난 수분 보유력으로
오래도록 촉촉함을 남겨주..."
9,유형별,스킨케어,/kr/ko/shopping/product/skin_care.html,스킨/로션,MTG1110,플로랄 하이드로 스킨소프너,"15,0",/kr/ko/product/01.Floral_Hydro%20skin_softener.jpg,/kr/ko/shopping/product/skin_care/view.110656098.html,"수선화 수분 진정 스킨
피부 속 깊숙이 흡수되어 탈수된 피부를 촉촉하게 진정시켜주는 수분 ..."
10,유형별,스킨케어,/kr/ko/shopping/product/skin_care.html,스킨/로션,MTG1110,어성초 포어 클린 토너,"18,0",/kr/ko/product/5.Pore_clean_Toner.jpg,/kr/ko/shopping/product/skin_care/view.110656072.html,블랙헤드 및 묵은 각질을 정리해주고 피부 수렴 효과가 뛰어난 어성초 모공 클리닝 토너
11,유형별,스킨케어,/kr/ko/shopping/product/skin_care.html,스킨/로션,MTG1110,인리치드 뉴트리 에멀젼,"18,0",/kr/ko/product/20161006/Enriched_Nutri_Emulsion_01.jpg,/kr/ko/shopping/product/skin_care/view.110650234.html,건조하고 메마른 피부를 건강하고 촉촉하게 가꿔주는 고영양 에멀젼
12,유형별,스킨케어,/kr/ko/shopping/product/skin_care.html,스킨/로션,MTG1110,인리치드 뉴트리 스킨소프너,"16,0",/kr/ko/product/20161006/Enriched_Nutri_Skin_Softener_01.jpg,/kr/ko/shopping/product/skin_care/view.110650233.html,건조하고 메마른 피부를 건강하고 촉촉하게 가꿔주는 고영양 스킨
13,유형별,스킨케어,/kr/ko/shopping/product/skin_care.html,스킨/로션,MTG1110,모이스처 세라마이드 에멀전,"18,0",/kr/ko/product/20160829/MOISTURE_CERAMINDE_EMULSION.jpg,/kr/ko/shopping/product/skin_care/view.110650205.html,"흐트러진 피부 장벽을 강화 시켜 주어 빈틈 없는
촉촉함을 제공하는 고보습 로션"
14,유형별,스킨케어,/kr/ko/shopping/product/skin_care.html,스킨/로션,MTG1110,모이스처 세라마이드 스킨 소프너,"16,0",/kr/ko/product/20160829/MOISTURE_CERAMINDE_SKIN_SOFTNER.jpg,/kr/ko/shopping/product/skin_care/view.110650204.html,"흐트러진 피부 장벽을 강화 시켜 주어 빈틈 없는
촉촉함을 제공하는 고보습 스킨"
15,유형별,스킨케어,/kr/ko/shopping/product/skin_care.html,스킨/로션,MTG1110,에이지 컨트롤 2종 세트,"46,0",/kr/ko/product/age-control-special-set_170101_1.jpg,/kr/ko/shopping/product/skin_care/view.110650539.html,"붉은 꽃, 동백의 강력한 항산화력을 담은 안티에이징 2종 세트"
16,유형별,스킨케어,/kr/ko/shopping/product/skin_care.html,스킨/로션,MTG1110,AC 밸런스 에멀젼 150ML,"15,0",/kr/ko/product/ac_balance_emulsion_01.jpg,/kr/ko/shopping/product/skin_care/view.110650082.html,피부 유ㆍ수분 밸런스를 조절해주며 얇은 수분 막을 형성하여 당김 없이 산뜻하게 촉촉함을 부...
17,유형별,스킨케어,/kr/ko/shopping/product/skin_care.html,스킨/로션,MTG1110,AC 밸런스 토너 200ML,"13,0",/kr/ko/product/ac_balance_toner_01.jpg,/kr/ko/shopping/product/skin_care/view.110650081.html,묵은 각질과 노폐물을 부드럽게 닦아 내고 과다하게 분비된 피지를 케어해 주어 피부를 청량하...
18,유형별,스킨케어,/kr/ko/shopping/product/skin_care.html,스킨/로션,MTG1110,플로랄 하이드로 미스트,"12,0",/kr/ko/product/16.Floral_Hydro_mist.jpg,/kr/ko/shopping/product/skin_care/view.110656091.html,"피부가 달아오르고 건조할 때, 상쾌한 수선화 수분이 메마른 피부를 촉촉하게 채워주어 쿨링 ..."
19,유형별,스킨케어,/kr/ko/shopping/product/skin_care.html,스킨/로션,MTG1110,플로랄 하이드로 에멀젼,"17,0",/kr/ko/product/2.Floral_Hydro_emulsion.jpg,/kr/ko/shopping/product/skin_care/view.110656099.html,"수선화 수분 저장 에멀젼
산뜻하게 흡수되고 뛰어난 수분 보유력으로
오래도록 촉촉함을 남겨주..."
20,유형별,스킨케어,/kr/ko/shopping/product/skin_care.html,스킨/로션,MTG1110,플로랄 하이드로 스킨소프너,"15,0",/kr/ko/product/01.Floral_Hydro%20skin_softener.jpg,/kr/ko/shopping/product/skin_care/view.110656098.html,"수선화 수분 진정 스킨
피부 속 깊숙이 흡수되어 탈수된 피부를 촉촉하게 진정시켜주는 수분 ..."
21,유형별,스킨케어,/kr/ko/shopping/product/skin_care.html,스킨/로션,MTG1110,어성초 포어 클린 토너,"18,0",/kr/ko/product/5.Pore_clean_Toner.jpg,/kr/ko/shopping/product/skin_care/view.110656072.html,블랙헤드 및 묵은 각질을 정리해주고 피부 수렴 효과가 뛰어난 어성초 모공 클리닝 토너
22,유형별,스킨케어,/kr/ko/shopping/product/skin_care.html,에센스,MTG1120,인리치드 뉴트리 오일,"22,0",/kr/ko/product/20161006/Enriched_Nutri_Oil_01.jpg,/kr/ko/shopping/product/skin_care/view.110650303.html,메마른 피부에 영양을 가득 채워주는 99.7% 천연유래 페이셜 오일
23,유형별,스킨케어,/kr/ko/shopping/product/skin_care.html,에센스,MTG1120,인리치드 뉴트리 오일 세럼,"22,0",/kr/ko/product/20161006/Enriched_Nutri_Oil_Serum_01.jpg,/kr/ko/shopping/product/skin_care/view.110650235.html,건조하고 메마른 피부를 건강하고 촉촉하게 가꿔주는 고영양 오일 세럼
24,유형별,스킨케어,/kr/ko/shopping/product/skin_care.html,에센스,MTG1120,퍼스트 에너지 세럼 기프트 세트,"28,0",/kr/ko/product/20160822/First_Energy_Serum_SET.jpg,/kr/ko/shopping/product/skin_care/view.110650330.html,"촘촘한 탄력으로 안부터 탱탱한 피부 탱탱부스팅 금은화 꽃초 세럼 (주름개선, 미백기능성)"
25,유형별,스킨케어,/kr/ko/shopping/product/skin_care.html,에센스,MTG1120,AC 밸런스 스팟 세럼 15ML,"10,0",/kr/ko/product/ac_balance_spot_serum_01.jpg,/kr/ko/shopping/product/skin_care/view.110650083.html,피부 고민 부위를 진정 시켜 주며 집중적으로 관리 해주는 바하 솔루션 스팟 세럼
26,유형별,스킨케어,/kr/ko/shopping/product/skin_care.html,에센스,MTG1120,퍼스트 에너지 에센스,"28,0",/kr/ko/product/02.First_Energy_Essence.jpg,/kr/ko/shopping/product/skin_care/view.110656096.html,"
촘촘한 탄력으로 안부터 탱탱한 피부
탱탱 부스팅 금은화 꽃초 에센스
(주름개선, 미백기능..."
27,유형별,스킨케어,/kr/ko/shopping/product/skin_care.html,에센스,MTG1120,에이지 컨트롤 파워 세럼,"37,0",/kr/ko/product/04.Age_Control_Power_Serum.jpg,/kr/ko/shopping/product/skin_care/view.110656109.html,겉으로는 외부 유해 환경으로부터 피부를 보호하고 안으로는 촘촘한 탄력을 부여해 피부 노화로...
28,유형별,스킨케어,/kr/ko/shopping/product/skin_care.html,에센스,MTG1120,퍼스트 에너지 세럼,"28,0",/kr/ko/product/03.First_Energy_Serum.jpg,/kr/ko/shopping/product/skin_care/view.110656097.html,"촘촘한 탄력으로 안부터 탱탱한 피부
탱탱부스팅 금은화 꽃초 세럼
(주름개선, 미백기능성)"
29,유형별,스킨케어,/kr/ko/shopping/product/skin_care.html,에센스,MTG1120,퓨어화이트 울트라액티브 에센스,"35,0",/kr/ko/product/PWUA_Essence_GSET.jpg,/kr/ko/shopping/product/skin_care/view.110656136.html,자목련 생기 캡슐과 투명 탄력 미백젤이 피부 칙칙함은 지우고 건강한 생기는 증가시켜 동안 ...
30,유형별,스킨케어,/kr/ko/shopping/product/skin_care.html,에센스,MTG1120,인리치드 뉴트리 오일,"22,0",/kr/ko/product/20161006/Enriched_Nutri_Oil_01.jpg,/kr/ko/shopping/product/skin_care/view.110650303.html,메마른 피부에 영양을 가득 채워주는 99.7% 천연유래 페이셜 오일
31,유형별,스킨케어,/kr/ko/shopping/product/skin_care.html,에센스,MTG1120,인리치드 뉴트리 오일 세럼,"22,0",/kr/ko/product/20161006/Enriched_Nutri_Oil_Serum_01.jpg,/kr/ko/shopping/product/skin_care/view.110650235.html,건조하고 메마른 피부를 건강하고 촉촉하게 가꿔주는 고영양 오일 세럼
32,유형별,스킨케어,/kr/ko/shopping/product/skin_care.html,에센스,MTG1120,퍼스트 에너지 세럼 기프트 세트,"28,0",/kr/ko/product/20160822/First_Energy_Serum_SET.jpg,/kr/ko/shopping/product/skin_care/view.110650330.html,"촘촘한 탄력으로 안부터 탱탱한 피부 탱탱부스팅 금은화 꽃초 세럼 (주름개선, 미백기능성)"
33,유형별,스킨케어,/kr/ko/shopping/product/skin_care.html,에센스,MTG1120,AC 밸런스 스팟 세럼 15ML,"10,0",/kr/ko/product/ac_balance_spot_serum_01.jpg,/kr/ko/shopping/product/skin_care/view.110650083.html,피부 고민 부위를 진정 시켜 주며 집중적으로 관리 해주는 바하 솔루션 스팟 세럼
34,유형별,스킨케어,/kr/ko/shopping/product/skin_care.html,에센스,MTG1120,퍼스트 에너지 에센스,"28,0",/kr/ko/product/02.First_Energy_Essence.jpg,/kr/ko/shopping/product/skin_care/view.110656096.html,"
촘촘한 탄력으로 안부터 탱탱한 피부
탱탱 부스팅 금은화 꽃초 에센스
(주름개선, 미백기능..."
35,유형별,스킨케어,/kr/ko/shopping/product/skin_care.html,에센스,MTG1120,에이지 컨트롤 파워 세럼,"37,0",/kr/ko/product/04.Age_Control_Power_Serum.jpg,/kr/ko/shopping/product/skin_care/view.110656109.html,겉으로는 외부 유해 환경으로부터 피부를 보호하고 안으로는 촘촘한 탄력을 부여해 피부 노화로...
36,유형별,스킨케어,/kr/ko/shopping/product/skin_care.html,에센스,MTG1120,퍼스트 에너지 세럼,"28,0",/kr/ko/product/03.First_Energy_Serum.jpg,/kr/ko/shopping/product/skin_care/view.110656097.html,"촘촘한 탄력으로 안부터 탱탱한 피부
탱탱부스팅 금은화 꽃초 세럼
(주름개선, 미백기능성)"
37,유형별,스킨케어,/kr/ko/shopping/product/skin_care.html,에센스,MTG1120,퓨어화이트 울트라액티브 에센스,"35,0",/kr/ko/product/PWUA_Essence_GSET.jpg,/kr/ko/shopping/product/skin_care/view.110656136.html,자목련 생기 캡슐과 투명 탄력 미백젤이 피부 칙칙함은 지우고 건강한 생기는 증가시켜 동안 ...
38,유형별,스킨케어,/kr/ko/shopping/product/skin_care.html,크림,MTG1130,모이스처 세라마이드 인텐스 크림 기획 세트,"29,0",/kr/ko/product/moisture-ceramide-intense-cream-set_170101_1.jpg,/kr/ko/shopping/product/skin_care/view.110650540.html,"빈틈 없는 밀착 보습을 통해 튼튼한 피부 장벽을 만들어 주는 무궁화 보습 장벽 크림
"
39,유형별,스킨케어,/kr/ko/shopping/product/skin_care.html,크림,MTG1130,인리치드 뉴트리 크림,"20,0",/kr/ko/product/20161006/Enriched_Nutri_Cream_01.jpg,/kr/ko/shopping/product/skin_care/view.110650236.html,"건조하고 메마른 피부를 건강하고 촉촉하게 가꿔주는 고영양 크림
"
40,유형별,스킨케어,/kr/ko/shopping/product/skin_care.html,크림,MTG1130,모이스처 세라마이드 인텐스 크림,"29,0",/kr/ko/product/05_Moisture_Ceramide_Intense_cream.jpg,/kr/ko/shopping/product/skin_care/view.110656116.html,빈틈 없는 밀착 보습을 통해 튼튼한 피부 장벽을 만들어 주는 무궁화 보습 장벽 크림
41,유형별,스킨케어,/kr/ko/shopping/product/skin_care.html,크림,MTG1130,모이스처 세라마이드 라이트 크림,"29,0",/kr/ko/product/Moisture_Ceramide_Light_cream.jpg,/kr/ko/shopping/product/skin_care/view.110656117.html,빈틈 없는 밀착 보습을 통해 튼튼한 피부 장벽을 만들어 주는 무궁화 보습 장벽 크림
42,유형별,스킨케어,/kr/ko/shopping/product/skin_care.html,크림,MTG1130,로즈 워터 쿠션 크림,"15,0",/kr/ko/product/Rose_Water_Cushion_Cream.jpg,/kr/ko/shopping/product/skin_care/view.110650185.html,물 대신 장미수 80.33%를 함유하여 피부를 시원하고 촉촉하게 마무리 시켜주는 장미수 올...
43,유형별,스킨케어,/kr/ko/shopping/product/skin_care.html,크림,MTG1130,로즈워터 멀티 수딩젤,"9,00",/kr/ko/product/08.Rose_Water_Multi_Soothing_Gel.jpg,/kr/ko/shopping/product/skin_care/view.110656095.html,"바르는 순간, 냉장고에서 갓 꺼낸 듯!
시원한 장미수가 달아오른 피부를
진정시키는 장미수 ..."
44,유형별,스킨케어,/kr/ko/shopping/product/skin_care.html,크림,MTG1130,플로랄 하이드로 크림,"27,0",/kr/ko/product/07.Floral_Hydro_Cream.jpg,/kr/ko/shopping/product/skin_care/view.110656100.html,"수선화 수분 저장 크림
수선화 알뿌리 수분 저장력과 저분자 자연추출 수선화 꽃수 67%의 ..."
45,유형별,스킨케어,/kr/ko/shopping/product/skin_care.html,크림,MTG1130,에이지 컨트롤 파워 크림,"37,0",/kr/ko/product/12.Age_Control_Power_Cream.jpg,/kr/ko/shopping/product/skin_care/view.110656110.html,"집중 영양 공급으로 피부 탄력을 높이고,미세 주름을 촘촘하게 메워 매끄러운 피부를 완성해주..."
46,유형별,스킨케어,/kr/ko/shopping/product/skin_care.html,크림,MTG1130,토탈 솔루션 크림,"35,0",/kr/ko/product/04.Total_Solution_Cream.jpg,/kr/ko/shopping/product/skin_care/view.110656119.html,피부 나이를 결정하는 동안 매력 포인트를 해결해주는 토탈 솔루션 크림
47,유형별,스킨케어,/kr/ko/shopping/product/skin_care.html,크림,MTG1130,퓨어화이트 울트라액티브 크림,"35,0",/kr/ko/product/PWUA_Cream_GSET.jpg,/kr/ko/shopping/product/skin_care/view.110656137.html,"탄력미백막이 피부를 보호하여 피부 칙칙함과 탄력저하를 동시에 방어해주는 탄력미백크림
[미백..."
48,유형별,스킨케어,/kr/ko/shopping/product/skin_care.html,크림,MTG1130,모이스처 세라마이드 인텐스 크림 기획 세트,"29,0",/kr/ko/product/moisture-ceramide-intense-cream-set_170101_1.jpg,/kr/ko/shopping/product/skin_care/view.110650540.html,"빈틈 없는 밀착 보습을 통해 튼튼한 피부 장벽을 만들어 주는 무궁화 보습 장벽 크림
"
49,유형별,스킨케어,/kr/ko/shopping/product/skin_care.html,크림,MTG1130,인리치드 뉴트리 크림,"20,0",/kr/ko/product/20161006/Enriched_Nutri_Cream_01.jpg,/kr/ko/shopping/product/skin_care/view.110650236.html,"건조하고 메마른 피부를 건강하고 촉촉하게 가꿔주는 고영양 크림
"
50,유형별,스킨케어,/kr/ko/shopping/product/skin_care.html,크림,MTG1130,모이스처 세라마이드 인텐스 크림,"29,0",/kr/ko/product/05_Moisture_Ceramide_Intense_cream.jpg,/kr/ko/shopping/product/skin_care/view.110656116.html,빈틈 없는 밀착 보습을 통해 튼튼한 피부 장벽을 만들어 주는 무궁화 보습 장벽 크림
51,유형별,스킨케어,/kr/ko/shopping/product/skin_care.html,크림,MTG1130,모이스처 세라마이드 라이트 크림,"29,0",/kr/ko/product/Moisture_Ceramide_Light_cream.jpg,/kr/ko/shopping/product/skin_care/view.110656117.html,빈틈 없는 밀착 보습을 통해 튼튼한 피부 장벽을 만들어 주는 무궁화 보습 장벽 크림
52,유형별,스킨케어,/kr/ko/shopping/product/skin_care.html,크림,MTG1130,로즈 워터 쿠션 크림,"15,0",/kr/ko/product/Rose_Water_Cushion_Cream.jpg,/kr/ko/shopping/product/skin_care/view.110650185.html,물 대신 장미수 80.33%를 함유하여 피부를 시원하고 촉촉하게 마무리 시켜주는 장미수 올...
53,유형별,스킨케어,/kr/ko/shopping/product/skin_care.html,크림,MTG1130,로즈워터 멀티 수딩젤,"9,00",/kr/ko/product/08.Rose_Water_Multi_Soothing_Gel.jpg,/kr/ko/shopping/product/skin_care/view.110656095.html,"바르는 순간, 냉장고에서 갓 꺼낸 듯!
시원한 장미수가 달아오른 피부를
진정시키는 장미수 ..."
54,유형별,스킨케어,/kr/ko/shopping/product/skin_care.html,크림,MTG1130,플로랄 하이드로 크림,"27,0",/kr/ko/product/07.Floral_Hydro_Cream.jpg,/kr/ko/shopping/product/skin_care/view.110656100.html,"수선화 수분 저장 크림
수선화 알뿌리 수분 저장력과 저분자 자연추출 수선화 꽃수 67%의 ..."
55,유형별,스킨케어,/kr/ko/shopping/product/skin_care.html,크림,MTG1130,에이지 컨트롤 파워 크림,"37,0",/kr/ko/product/12.Age_Control_Power_Cream.jpg,/kr/ko/shopping/product/skin_care/view.110656110.html,"집중 영양 공급으로 피부 탄력을 높이고,미세 주름을 촘촘하게 메워 매끄러운 피부를 완성해주..."
56,유형별,스킨케어,/kr/ko/shopping/product/skin_care.html,크림,MTG1130,토탈 솔루션 크림,"35,0",/kr/ko/product/04.Total_Solution_Cream.jpg,/kr/ko/shopping/product/skin_care/view.110656119.html,피부 나이를 결정하는 동안 매력 포인트를 해결해주는 토탈 솔루션 크림
57,유형별,스킨케어,/kr/ko/shopping/product/skin_care.html,크림,MTG1130,퓨어화이트 울트라액티브 크림,"35,0",/kr/ko/product/PWUA_Cream_GSET.jpg,/kr/ko/shopping/product/skin_care/view.110656137.html,"탄력미백막이 피부를 보호하여 피부 칙칙함과 탄력저하를 동시에 방어해주는 탄력미백크림
[미백..."
58,유형별,스킨케어,/kr/ko/shopping/product/skin_care.html,아이크림,MTG1140,에이지 컨트롤 파워 아이크림,"35,0",/kr/ko/product/02.Age_Control_Power_Eye_Cream.jpg,/kr/ko/shopping/product/skin_care/view.110656111.html,"어려 보이는 눈가의 3대 요소인 눈가 탄력과 눈가 주름, 다크서클을 동시에 효과적으로 케어..."
59,유형별,스킨케어,/kr/ko/shopping/product/skin_care.html,아이크림,MTG1140,토탈 솔루션 아이크림,"32,0",/kr/ko/product/01.Total_Solution_Eye_Cream.jpg,/kr/ko/shopping/product/skin_care/view.110656120.html,"자꾸만 처지고 연약해지는 눈가 피부의 '탄력, 주름, 칙칙함, 건조' 고민을 한 번에 해결..."
60,유형별,스킨케어,/kr/ko/shopping/product/skin_care.html,아이크림,MTG1140,인리치드 뉴트리 아이크림,"20,0",/kr/ko/product/enriched-nutri-eye-cream_170101_1.jpg,/kr/ko/shopping/product/skin_care/view.110650239.html,"연약한 눈가에 탄력과 영양을 주는 고영양 아이크림
"
61,유형별,스킨케어,/kr/ko/shopping/product/skin_care.html,아이크림,MTG1140,에이지 컨트롤 파워 아이크림,"35,0",/kr/ko/product/02.Age_Control_Power_Eye_Cream.jpg,/kr/ko/shopping/product/skin_care/view.110656111.html,"어려 보이는 눈가의 3대 요소인 눈가 탄력과 눈가 주름, 다크서클을 동시에 효과적으로 케어..."
62,유형별,스킨케어,/kr/ko/shopping/product/skin_care.html,아이크림,MTG1140,토탈 솔루션 아이크림,"32,0",/kr/ko/product/01.Total_Solution_Eye_Cream.jpg,/kr/ko/shopping/product/skin_care/view.110656120.html,"자꾸만 처지고 연약해지는 눈가 피부의 '탄력, 주름, 칙칙함, 건조' 고민을 한 번에 해결..."
63,유형별,스킨케어,/kr/ko/shopping/product/skin_care.html,아이크림,MTG1140,인리치드 뉴트리 아이크림,"20,0",/kr/ko/product/enriched-nutri-eye-cream_170101_1.jpg,/kr/ko/shopping/product/skin_care/view.110650239.html,"연약한 눈가에 탄력과 영양을 주는 고영양 아이크림
"
64,유형별,스킨케어,/kr/ko/shopping/product/skin_care.html,마스크,MTG1160,AC 밸런스 스팟 패치 12매,"1,50",/kr/ko/product/ac_balance_spot_petch_01.jpg,/kr/ko/shopping/product/skin_care/view.110650095.html,피부 고민 부위를 진정 시켜 주는 투명 필름 타입 스팟 패치
65,유형별,스킨케어,/kr/ko/shopping/product/skin_care.html,마스크,MTG1160,플라워 에센스 마스크,"1,50",/kr/ko/product/20160812/Flower_Essence_Mask.jpg,/kr/ko/shopping/product/skin_care/view.110650144.html,자연발효 공법이 더해진 플라워 성분이 피부에 영양분을 촘촘하고 빠르게 전달해주는 초밀착 마...
66,유형별,스킨케어,/kr/ko/shopping/product/skin_care.html,마스크,MTG1160,플로랄 하이드로 아쿠아 젤 마스크,"3,00",/kr/ko/product/01.Floral_Hydro_Aqua_Gel_Mask.jpg,/kr/ko/shopping/product/skin_care/view.110650143.html,수선화 ‘알뿌리’의 뛰어난 수분 공급력이 메마른 피부에 촉촉함과 청량감을 주는 수분 듬뿍 ...
67,유형별,스킨케어,/kr/ko/shopping/product/skin_care.html,마스크,MTG1160,퍼스트 에너지 탄력 마스크,"3,00",/kr/ko/product/product/10.First_Energy_Firming_Mask.jpg,/kr/ko/shopping/product/skin_care/view.110650140.html,촘촘한 탄력을 주는 금은화 꽃초의 성분으로 피부결을 매끈하게 만들어주는 영양 가득 에센스 ...
68,유형별,스킨케어,/kr/ko/shopping/product/skin_care.html,마스크,MTG1160,모이스처 세라마이드 크리미 마스크,"3,00",/kr/ko/product/product/09.Moisture_Ceramide_Creamy_Mask.jpg,/kr/ko/shopping/product/skin_care/view.110650139.html,무궁화의 강력한 보습인자와 세라마이드 성분이 빈틈없는 밀착 보습을 선사하는 고보습 크리미 ...
69,유형별,스킨케어,/kr/ko/shopping/product/skin_care.html,마스크,MTG1160,모이스처 세라마이드  슬리핑 필링 마스크,"19,0",/kr/ko/product/06.Moisture_Ceramide_Sleeping_Peeling_Mask.jpg,/kr/ko/shopping/product/skin_care/view.110656118.html,잠자는 사이 묵은 각질을 부드럽게 녹여 주고 밀착 보습막을 형성하여 튼튼한 피부 장벽을 만...
70,유형별,스킨케어,/kr/ko/shopping/product/skin_care.html,마스크,MTG1160,스킨 핏 마스크,"4,50",/kr/ko/product/08.Skin_Fit_Mask.jpg,/kr/ko/shopping/product/skin_care/view.110656143.html,"꽃잎이 피부에 닿는 듯한 부드러움으로 얼굴을 감싸, 마몽드 플라워의 효능을 전달하는 극밀착..."
71,유형별,스킨케어,/kr/ko/shopping/product/skin_care.html,마스크,MTG1160,코케어 패치,"1,50",/kr/ko/product/20160728/nose_care_patch_01_110650299.jpg,/kr/ko/shopping/product/skin_care/view.110650299.html,"모공 속의 노폐물을 효과적으로 제거하고, 긴장된 피부를 부드럽게 진정시켜 매끈한 코를 만들..."
72,유형별,스킨케어,/kr/ko/shopping/product/skin_care.html,마스크,MTG1160,아이케어 패치,"2,50",/kr/ko/product/20160728/eye_care_patch_01_110650298.jpg,/kr/ko/shopping/product/skin_care/view.110650298.html,혹독한 겨울에도 꽃을 피우는 강인한 생명력의 동백꽃 성분을 함유한 시트가 탄력 잃은 눈가 ...
73,유형별,스킨케어,/kr/ko/shopping/product/skin_care.html,마스크,MTG1160,AC 밸런스 스팟 패치 12매,"1,50",/kr/ko/product/ac_balance_spot_petch_01.jpg,/kr/ko/shopping/product/skin_care/view.110650095.html,피부 고민 부위를 진정 시켜 주는 투명 필름 타입 스팟 패치
74,유형별,스킨케어,/kr/ko/shopping/product/skin_care.html,마스크,MTG1160,플라워 에센스 마스크,"1,50",/kr/ko/product/20160812/Flower_Essence_Mask.jpg,/kr/ko/shopping/product/skin_care/view.110650144.html,자연발효 공법이 더해진 플라워 성분이 피부에 영양분을 촘촘하고 빠르게 전달해주는 초밀착 마...
75,유형별,스킨케어,/kr/ko/shopping/product/skin_care.html,마스크,MTG1160,플로랄 하이드로 아쿠아 젤 마스크,"3,00",/kr/ko/product/01.Floral_Hydro_Aqua_Gel_Mask.jpg,/kr/ko/shopping/product/skin_care/view.110650143.html,수선화 ‘알뿌리’의 뛰어난 수분 공급력이 메마른 피부에 촉촉함과 청량감을 주는 수분 듬뿍 ...
76,유형별,스킨케어,/kr/ko/shopping/product/skin_care.html,마스크,MTG1160,퍼스트 에너지 탄력 마스크,"3,00",/kr/ko/product/product/10.First_Energy_Firming_Mask.jpg,/kr/ko/shopping/product/skin_care/view.110650140.html,촘촘한 탄력을 주는 금은화 꽃초의 성분으로 피부결을 매끈하게 만들어주는 영양 가득 에센스 ...
77,유형별,스킨케어,/kr/ko/shopping/product/skin_care.html,마스크,MTG1160,모이스처 세라마이드 크리미 마스크,"3,00",/kr/ko/product/product/09.Moisture_Ceramide_Creamy_Mask.jpg,/kr/ko/shopping/product/skin_care/view.110650139.html,무궁화의 강력한 보습인자와 세라마이드 성분이 빈틈없는 밀착 보습을 선사하는 고보습 크리미 ...
78,유형별,스킨케어,/kr/ko/shopping/product/skin_care.html,마스크,MTG1160,모이스처 세라마이드  슬리핑 필링 마스크,"19,0",/kr/ko/product/06.Moisture_Ceramide_Sleeping_Peeling_Mask.jpg,/kr/ko/shopping/product/skin_care/view.110656118.html,잠자는 사이 묵은 각질을 부드럽게 녹여 주고 밀착 보습막을 형성하여 튼튼한 피부 장벽을 만...
79,유형별,스킨케어,/kr/ko/shopping/product/skin_care.html,마스크,MTG1160,스킨 핏 마스크,"4,50",/kr/ko/product/08.Skin_Fit_Mask.jpg,/kr/ko/shopping/product/skin_care/view.110656143.html,"꽃잎이 피부에 닿는 듯한 부드러움으로 얼굴을 감싸, 마몽드 플라워의 효능을 전달하는 극밀착..."
80,유형별,스킨케어,/kr/ko/shopping/product/skin_care.html,마스크,MTG1160,코케어 패치,"1,50",/kr/ko/product/20160728/nose_care_patch_01_110650299.jpg,/kr/ko/shopping/product/skin_care/view.110650299.html,"모공 속의 노폐물을 효과적으로 제거하고, 긴장된 피부를 부드럽게 진정시켜 매끈한 코를 만들..."
81,유형별,스킨케어,/kr/ko/shopping/product/skin_care.html,마스크,MTG1160,아이케어 패치,"2,50",/kr/ko/product/20160728/eye_care_patch_01_110650298.jpg,/kr/ko/shopping/product/skin_care/view.110650298.html,혹독한 겨울에도 꽃을 피우는 강인한 생명력의 동백꽃 성분을 함유한 시트가 탄력 잃은 눈가 ...
82,유형별,스킨케어,/kr/ko/shopping/product/skin_care.html,바디,MTG1170,플라워 퍼퓸드 핸드크림,"7,00",/kr/ko/product/01.Flower_Perfumed_Hand_Cream.jpg,/kr/ko/shopping/product/skin_care/view.110656138.html,풍부한 보습력과 기분 좋은 생화 향을 그대로 담아 손을 건강하고 아름답게 가꾸어주는 플라워...
83,유형별,스킨케어,/kr/ko/shopping/product/skin_care.html,바디,MTG1170,자스민 캐시미어 핸드 앤 네일 크림,"7,00",/kr/ko/product/Jasmine_Cashmere_Hand_Nail_Cream.jpg,/kr/ko/shopping/product/skin_care/view.110656130.html,천연 유래  블랜디드 씨드 오일이 손끝까지 윤기나고 건강하게 보호해주는 순수하고 청초한 자...
84,유형별,스킨케어,/kr/ko/shopping/product/skin_care.html,바디,MTG1170,자스민 캐시미어 올오버 스프레이,"15,0",/kr/ko/product/Jasmine_Cashmere_All_over_Spray.jpg,/kr/ko/shopping/product/skin_care/view.110656129.html,"바디, 헤어 등 언제 어디서든 간편하게 포근한 자스민 향을 선사하는 스프레이"
85,유형별,스킨케어,/kr/ko/shopping/product/skin_care.html,바디,MTG1170,자스민 캐시미어 오일 포 바디 앤 헤어,"20,0",/kr/ko/product/Jasmine_Cashmere_Oil_for_Body_Hair.jpg,/kr/ko/shopping/product/skin_care/view.110656128.html,바다와 헤어를 아름답고 빛나게 가꿔주는 은은한 자스민 향의 활용도 높은 멀티 오일
86,유형별,스킨케어,/kr/ko/shopping/product/skin_care.html,바디,MTG1170,자스민 캐시미어 바디로션,"15,0",/kr/ko/product/Jasmine_Cashmere_Body_Lotion.jpg,/kr/ko/shopping/product/skin_care/view.110656127.html,피부에 펴바르는 순간 매끄러운 오일로 변해 즉각적으로 보습과 영양을 공급해주는 우아한 자스...
87,유형별,스킨케어,/kr/ko/shopping/product/skin_care.html,바디,MTG1170,자스민 캐시미어 투웨이 바디워시,"13,0",/kr/ko/product/Jasmine_Cashmere_Two_way_Body_Wash.jpg,/kr/ko/shopping/product/skin_care/view.110656133.html,크림 거품과 달콤하고 매혹적인 자스민 향이 온몸을 감싸는 입욕제 겸용 바디워시
88,유형별,스킨케어,/kr/ko/shopping/product/skin_care.html,바디,MTG1170,라일락 블라썸 핸드크림,"7,00",/kr/ko/product/Lilac_Blossom_Hand_Cream.jpg,/kr/ko/shopping/product/skin_care/view.110656085.html,달콤한 첫사랑의 추억을 닮은 초여름의 라일락 향과 천연 시어버터 보습 레이어가 장시간 지속...
89,유형별,스킨케어,/kr/ko/shopping/product/skin_care.html,바디,MTG1170,라일락 블라썸 바디로션,"15,0",/kr/ko/product/Lilac_Blossom_Body_Lotion.jpg,/kr/ko/shopping/product/skin_care/view.110656083.html,라일락 꽃잎을 걸친 듯 감미롭고 부드러운 보습이 가능한 퍼퓸 모이스처라이징 바디로션
90,유형별,스킨케어,/kr/ko/shopping/product/skin_care.html,바디,MTG1170,라일락 블라썸 비드 바디워시,"13,0",/kr/ko/product/Lilac_Blossom_Bead_Body_Wash.jpg,/kr/ko/shopping/product/skin_care/view.110656081.html,보랏빛 비드가 깨지면서 향기롭고 촉촉한 바디세정을 도와주는 상쾌한 라일락 향 바디워시
91,유형별,스킨케어,/kr/ko/shopping/product/skin_care.html,바디,MTG1170,플라워 퍼퓸드 핸드크림,"7,00",/kr/ko/product/01.Flower_Perfumed_Hand_Cream.jpg,/kr/ko/shopping/product/skin_care/view.110656138.html,풍부한 보습력과 기분 좋은 생화 향을 그대로 담아 손을 건강하고 아름답게 가꾸어주는 플라워...
92,유형별,스킨케어,/kr/ko/shopping/product/skin_care.html,바디,MTG1170,자스민 캐시미어 핸드 앤 네일 크림,"7,00",/kr/ko/product/Jasmine_Cashmere_Hand_Nail_Cream.jpg,/kr/ko/shopping/product/skin_care/view.110656130.html,천연 유래  블랜디드 씨드 오일이 손끝까지 윤기나고 건강하게 보호해주는 순수하고 청초한 자...
93,유형별,스킨케어,/kr/ko/shopping/product/skin_care.html,바디,MTG1170,자스민 캐시미어 올오버 스프레이,"15,0",/kr/ko/product/Jasmine_Cashmere_All_over_Spray.jpg,/kr/ko/shopping/product/skin_care/view.110656129.html,"바디, 헤어 등 언제 어디서든 간편하게 포근한 자스민 향을 선사하는 스프레이"
94,유형별,스킨케어,/kr/ko/shopping/product/skin_care.html,바디,MTG1170,자스민 캐시미어 오일 포 바디 앤 헤어,"20,0",/kr/ko/product/Jasmine_Cashmere_Oil_for_Body_Hair.jpg,/kr/ko/shopping/product/skin_care/view.110656128.html,바다와 헤어를 아름답고 빛나게 가꿔주는 은은한 자스민 향의 활용도 높은 멀티 오일
95,유형별,스킨케어,/kr/ko/shopping/product/skin_care.html,바디,MTG1170,자스민 캐시미어 바디로션,"15,0",/kr/ko/product/Jasmine_Cashmere_Body_Lotion.jpg,/kr/ko/shopping/product/skin_care/view.110656127.html,피부에 펴바르는 순간 매끄러운 오일로 변해 즉각적으로 보습과 영양을 공급해주는 우아한 자스...
96,유형별,스킨케어,/kr/ko/shopping/product/skin_care.html,바디,MTG1170,자스민 캐시미어 투웨이 바디워시,"13,0",/kr/ko/product/Jasmine_Cashmere_Two_way_Body_Wash.jpg,/kr/ko/shopping/product/skin_care/view.110656133.html,크림 거품과 달콤하고 매혹적인 자스민 향이 온몸을 감싸는 입욕제 겸용 바디워시
97,유형별,스킨케어,/kr/ko/shopping/product/skin_care.html,바디,MTG1170,라일락 블라썸 핸드크림,"7,00",/kr/ko/product/Lilac_Blossom_Hand_Cream.jpg,/kr/ko/shopping/product/skin_care/view.110656085.html,달콤한 첫사랑의 추억을 닮은 초여름의 라일락 향과 천연 시어버터 보습 레이어가 장시간 지속...
98,유형별,스킨케어,/kr/ko/shopping/product/skin_care.html,바디,MTG1170,라일락 블라썸 바디로션,"15,0",/kr/ko/product/Lilac_Blossom_Body_Lotion.jpg,/kr/ko/shopping/product/skin_care/view.110656083.html,라일락 꽃잎을 걸친 듯 감미롭고 부드러운 보습이 가능한 퍼퓸 모이스처라이징 바디로션
99,유형별,스킨케어,/kr/ko/shopping/product/skin_care.html,바디,MTG1170,라일락 블라썸 비드 바디워시,"13,0",/kr/ko/product/Lilac_Blossom_Bead_Body_Wash.jpg,/kr/ko/shopping/product/skin_care/view.110656081.html,보랏빛 비드가 깨지면서 향기롭고 촉촉한 바디세정을 도와주는 상쾌한 라일락 향 바디워시
100,유형별,스킨케어,/kr/ko/shopping/product/skin_care.html,선 케어,MTG1180,카렌듈라 에브리데이 선크림 SPF50+/PA+++,"13,0",/kr/ko/product/01.Calendula_Everyday_Sun_Cream.jpg,/kr/ko/shopping/product/skin_care/view.110656146.html,"매일매일 자외선으로부터피부를 빈틈 없이 보호하고, 혁신적인 수분 포뮬러가 촉촉함과 부드러움..."
101,유형별,스킨케어,/kr/ko/shopping/product/skin_care.html,선 케어,MTG1180,카렌듈라 키즈 선쿠션 SPF32/PA++,"20,0",/kr/ko/product/05.Calendula_Kids_Sun_Cushion.jpg,/kr/ko/shopping/product/skin_care/view.110656150.html,"자외선 차단제를 휴대가 편리한 쿠션에 담아, 손에 묻히지 않고 재미있게 사용하는 선쿠션

..."
102,유형별,스킨케어,/kr/ko/shopping/product/skin_care.html,선 케어,MTG1180,카렌듈라 노세범 선틴트 SPF30/PA++,"15,0",/kr/ko/product/02.Calendula_No-sebum_Sun_Tint.jpg,/kr/ko/shopping/product/skin_care/view.110656147.html,"
생활 자외선 차단은 물론 틴트처럼 보송보송한 사용감과 자연스러운 발색을 부여하는 선틴트
..."
103,유형별,스킨케어,/kr/ko/shopping/product/skin_care.html,선 케어,MTG1180,카렌듈라 에센스 선밀크 SPF50+/PA+++,"15,0",/kr/ko/product/03.Calendula_Essence_Sun_Milk.jpg,/kr/ko/shopping/product/skin_care/view.110656148.html,물과 땀에 강한 워터프루프 기능과 보습 에센스 성분이 함유되어 강한 자외선으로부터 피부를 ...
104,유형별,스킨케어,/kr/ko/shopping/product/skin_care.html,선 케어,MTG1180,카렌듈라 에브리데이 선크림 SPF50+/PA+++,"13,0",/kr/ko/product/01.Calendula_Everyday_Sun_Cream.jpg,/kr/ko/shopping/product/skin_care/view.110656146.html,"매일매일 자외선으로부터피부를 빈틈 없이 보호하고, 혁신적인 수분 포뮬러가 촉촉함과 부드러움..."
105,유형별,스킨케어,/kr/ko/shopping/product/skin_care.html,선 케어,MTG1180,카렌듈라 키즈 선쿠션 SPF32/PA++,"20,0",/kr/ko/product/05.Calendula_Kids_Sun_Cushion.jpg,/kr/ko/shopping/product/skin_care/view.110656150.html,"자외선 차단제를 휴대가 편리한 쿠션에 담아, 손에 묻히지 않고 재미있게 사용하는 선쿠션

..."
106,유형별,스킨케어,/kr/ko/shopping/product/skin_care.html,선 케어,MTG1180,카렌듈라 노세범 선틴트 SPF30/PA++,"15,0",/kr/ko/product/02.Calendula_No-sebum_Sun_Tint.jpg,/kr/ko/shopping/product/skin_care/view.110656147.html,"
생활 자외선 차단은 물론 틴트처럼 보송보송한 사용감과 자연스러운 발색을 부여하는 선틴트
..."
107,유형별,스킨케어,/kr/ko/shopping/product/skin_care.html,선 케어,MTG1180,카렌듈라 에센스 선밀크 SPF50+/PA+++,"15,0",/kr/ko/product/03.Calendula_Essence_Sun_Milk.jpg,/kr/ko/shopping/product/skin_care/view.110656148.html,물과 땀에 강한 워터프루프 기능과 보습 에센스 성분이 함유되어 강한 자외선으로부터 피부를 ...
108,유형별,스킨케어,/kr/ko/shopping/product/skin_care.html,클렌징,MTG1190,페탈 스파 클렌징 오일,"19,0",/kr/ko/product/petal-spa-cleansing-oil_170101_1.jpg,/kr/ko/shopping/product/skin_care/view.110650543.html,롤링 시 발생하는 온열감으로 모공 속 노폐물까지 말끔하게 제거해주는 클렌징 오일
109,유형별,스킨케어,/kr/ko/shopping/product/skin_care.html,클렌징,MTG1190,페탈 스파 오일 투 폼,"13,0",/kr/ko/product/petal-spa-oil-to-foam_170101_1.jpg,/kr/ko/shopping/product/skin_care/view.110650544.html,오일이 메이크업을 부드럽게 녹여주고 물을 묻히면 거품이 발생하여 쉽고 빠른 클렌징이 가능한...
110,유형별,스킨케어,/kr/ko/shopping/product/skin_care.html,클렌징,MTG1190,페탈 스파 클렌징밤,"19,0",/kr/ko/product/petal-spa-cleansing-balm_170101_1.jpg,/kr/ko/shopping/product/skin_care/view.110650545.html,피부에 닿는 순간 오일로 녹는 젤리 제형이 메이크업을 깔끔하게 지워주는 마사지 겸용 클렌징...
111,유형별,스킨케어,/kr/ko/shopping/product/skin_care.html,클렌징,MTG1190,꽃창포 멀티 클렌징 폼,"10,0",/kr/ko/product/20160728/Iris_Mult_Cleansing_Foam_01_110650231.jpg,/kr/ko/shopping/product/skin_care/view.110650231.html,"창포물로 세안한 듯 개운하게, 폼 하나만으로 메이크업ㆍ선크림ㆍ각질까지 한 번에 지워주는 3..."
112,유형별,스킨케어,/kr/ko/shopping/product/skin_care.html,클렌징,MTG1190,AC 밸런스 마일드 폼 150ML,"9,00",/kr/ko/product/ac_balance_mild_foam_01.jpg,/kr/ko/shopping/product/skin_care/view.110650080.html,풍성한 거품이 각질을 제거하고 막힌 모공 속까지 부드럽게 씻어내어 트러블 케어에 도움을 주...
113,유형별,스킨케어,/kr/ko/shopping/product/skin_care.html,클렌징,MTG1190,연꽃 마이크로 클렌징 오일,"19,0",/kr/ko/product/04.Lotus_Micro_Cleansing_Oil.jpg,/kr/ko/shopping/product/skin_care/view.110656165.html,"우수한 세정력의 워터리 오일이 모공을 막지 않고 하루 종일 유분과 뒤엉킨 미세먼지, 메이크..."
114,유형별,스킨케어,/kr/ko/shopping/product/skin_care.html,클렌징,MTG1190,연꽃 마이크로 립 앤 아이 리무버,"9,50",/kr/ko/product/03.Lotus_Micro_Lip_Eye_Remover.jpg,/kr/ko/shopping/product/skin_care/view.110656164.html,진한 메이크업도 부드럽게 녹여 연약한 눈가와 입가를 촉촉하고 깨끗하게 지켜주는 립앤아이 메...
115,유형별,스킨케어,/kr/ko/shopping/product/skin_care.html,클렌징,MTG1190,연꽃 마이크로 마스크 투 폼,"13,0",/kr/ko/product/02.Lotus_Micro_Mask_to_Foam.jpg,/kr/ko/shopping/product/skin_care/view.110656163.html,"천연 핑크 클레이가 각질과 블랙헤드를 제거하고, 물을 묻히면 조밀한 거품으로 변하여 모공 ..."
116,유형별,스킨케어,/kr/ko/shopping/product/skin_care.html,클렌징,MTG1190,해피&스마트 클렌징폼,"7,00",/kr/ko/product/06.Happy_Smart_Cleansing_Foam.jpg,/kr/ko/shopping/product/skin_care/view.110656106.html,"해피 & 스마트 클렌징폼
불멸의 꽃, 에버래스팅 플라워가 깨끗하고 건강한 피부로 가꾸어주는..."
117,유형별,스킨케어,/kr/ko/shopping/product/skin_care.html,클렌징,MTG1190,어성초 포어 클린 블랙헤드 스틱,"9,50",/kr/ko/product/08.Pore_Clean_Blackhead_stick.jpg,/kr/ko/shopping/product/skin_care/view.110656073.html,"블랙헤드, 묵은 각질을 깨끗하게 정리해 주는 블랙헤드 클렌징 스틱.

블랙헤드 & 모공 케..."
118,유형별,스킨케어,/kr/ko/shopping/product/skin_care.html,클렌징,MTG1190,연꽃 마이크로 클렌징 오일 티슈,"12,0",/kr/ko/product/05.Lotus_Micro_Cleansing_Oil_Tissue.jpg,/kr/ko/shopping/product/skin_care/view.110656166.html,클렌징 오일의 세정력과 클렌징 티슈의 간편함을 한 번에 담아 피부에 무리를 주지 않으면서 ...
119,유형별,스킨케어,/kr/ko/shopping/product/skin_care.html,클렌징,MTG1190,연꽃 마이크로 클렌징 폼,"13,0",/kr/ko/product/01.Lotus_Micro_Cleansing_Foam.jpg,/kr/ko/shopping/product/skin_care/view.110656162.html,"초미세먼지(PM 2.5)까지 말끔하게 씻어내고, 피부보습인지는 그대로 지켜주어 건강하고 환..."
120,유형별,스킨케어,/kr/ko/shopping/product/skin_care.html,클렌징,MTG1190,페탈 스파 클렌징 오일,"19,0",/kr/ko/product/petal-spa-cleansing-oil_170101_1.jpg,/kr/ko/shopping/product/skin_care/view.110650543.html,롤링 시 발생하는 온열감으로 모공 속 노폐물까지 말끔하게 제거해주는 클렌징 오일
121,유형별,스킨케어,/kr/ko/shopping/product/skin_care.html,클렌징,MTG1190,페탈 스파 오일 투 폼,"13,0",/kr/ko/product/petal-spa-oil-to-foam_170101_1.jpg,/kr/ko/shopping/product/skin_care/view.110650544.html,오일이 메이크업을 부드럽게 녹여주고 물을 묻히면 거품이 발생하여 쉽고 빠른 클렌징이 가능한...
122,유형별,스킨케어,/kr/ko/shopping/product/skin_care.html,클렌징,MTG1190,페탈 스파 클렌징밤,"19,0",/kr/ko/product/petal-spa-cleansing-balm_170101_1.jpg,/kr/ko/shopping/product/skin_care/view.110650545.html,피부에 닿는 순간 오일로 녹는 젤리 제형이 메이크업을 깔끔하게 지워주는 마사지 겸용 클렌징...
123,유형별,스킨케어,/kr/ko/shopping/product/skin_care.html,클렌징,MTG1190,꽃창포 멀티 클렌징 폼,"10,0",/kr/ko/product/20160728/Iris_Mult_Cleansing_Foam_01_110650231.jpg,/kr/ko/shopping/product/skin_care/view.110650231.html,"창포물로 세안한 듯 개운하게, 폼 하나만으로 메이크업ㆍ선크림ㆍ각질까지 한 번에 지워주는 3..."
124,유형별,스킨케어,/kr/ko/shopping/product/skin_care.html,클렌징,MTG1190,AC 밸런스 마일드 폼 150ML,"9,00",/kr/ko/product/ac_balance_mild_foam_01.jpg,/kr/ko/shopping/product/skin_care/view.110650080.html,풍성한 거품이 각질을 제거하고 막힌 모공 속까지 부드럽게 씻어내어 트러블 케어에 도움을 주...
125,유형별,스킨케어,/kr/ko/shopping/product/skin_care.html,클렌징,MTG1190,연꽃 마이크로 클렌징 오일,"19,0",/kr/ko/product/04.Lotus_Micro_Cleansing_Oil.jpg,/kr/ko/shopping/product/skin_care/view.110656165.html,"우수한 세정력의 워터리 오일이 모공을 막지 않고 하루 종일 유분과 뒤엉킨 미세먼지, 메이크..."
126,유형별,스킨케어,/kr/ko/shopping/product/skin_care.html,클렌징,MTG1190,연꽃 마이크로 립 앤 아이 리무버,"9,50",/kr/ko/product/03.Lotus_Micro_Lip_Eye_Remover.jpg,/kr/ko/shopping/product/skin_care/view.110656164.html,진한 메이크업도 부드럽게 녹여 연약한 눈가와 입가를 촉촉하고 깨끗하게 지켜주는 립앤아이 메...
127,유형별,스킨케어,/kr/ko/shopping/product/skin_care.html,클렌징,MTG1190,연꽃 마이크로 마스크 투 폼,"13,0",/kr/ko/product/02.Lotus_Micro_Mask_to_Foam.jpg,/kr/ko/shopping/product/skin_care/view.110656163.html,"천연 핑크 클레이가 각질과 블랙헤드를 제거하고, 물을 묻히면 조밀한 거품으로 변하여 모공 ..."
128,유형별,스킨케어,/kr/ko/shopping/product/skin_care.html,클렌징,MTG1190,해피&스마트 클렌징폼,"7,00",/kr/ko/product/06.Happy_Smart_Cleansing_Foam.jpg,/kr/ko/shopping/product/skin_care/view.110656106.html,"해피 & 스마트 클렌징폼
불멸의 꽃, 에버래스팅 플라워가 깨끗하고 건강한 피부로 가꾸어주는..."
129,유형별,스킨케어,/kr/ko/shopping/product/skin_care.html,클렌징,MTG1190,어성초 포어 클린 블랙헤드 스틱,"9,50",/kr/ko/product/08.Pore_Clean_Blackhead_stick.jpg,/kr/ko/shopping/product/skin_care/view.110656073.html,"블랙헤드, 묵은 각질을 깨끗하게 정리해 주는 블랙헤드 클렌징 스틱.

블랙헤드 & 모공 케..."
130,유형별,스킨케어,/kr/ko/shopping/product/skin_care.html,클렌징,MTG1190,연꽃 마이크로 클렌징 오일 티슈,"12,0",/kr/ko/product/05.Lotus_Micro_Cleansing_Oil_Tissue.jpg,/kr/ko/shopping/product/skin_care/view.110656166.html,클렌징 오일의 세정력과 클렌징 티슈의 간편함을 한 번에 담아 피부에 무리를 주지 않으면서 ...
131,유형별,스킨케어,/kr/ko/shopping/product/skin_care.html,클렌징,MTG1190,연꽃 마이크로 클렌징 폼,"13,0",/kr/ko/product/01.Lotus_Micro_Cleansing_Foam.jpg,/kr/ko/shopping/product/skin_care/view.110656162.html,"초미세먼지(PM 2.5)까지 말끔하게 씻어내고, 피부보습인지는 그대로 지켜주어 건강하고 환..."
132,유형별,메이크업,/kr/ko/shopping/product/makeup.html,페이스메이크업,MTG1230,컬러 톤업 베이스(SPF 35 / PA ++),"20,0",/kr/ko/product/color-tone-up-base_green_01_2.jpg,/kr/ko/shopping/product/makeup/view.110650416.html,피부 결점을 코렉팅하고 화사하게 톤업시켜 화장 잘 받는 피부로 연출해주는 메이크업 베이스
133,유형별,메이크업,/kr/ko/shopping/product/makeup.html,페이스메이크업,MTG1230,커버 글로우 파운데이션,"20,0",/kr/ko/product/cover-glow-foundation_170101_1.jpg,/kr/ko/shopping/product/makeup/view.110650407.html,커버와 글로우를 동시에! 원래 내 피부가 좋은 듯 투명 윤기 피부를 연출해주는 촉촉 커버 ...
134,유형별,메이크업,/kr/ko/shopping/product/makeup.html,페이스메이크업,MTG1230,하이 커버 리퀴드 쿠션 SPF34/PA++,"25,0",/kr/ko/product/20160923/High_Cover_Liquid_Cushion_01.jpg,/kr/ko/shopping/product/makeup/view.110650311.html,"리퀴드 파운데이션을 레이어링하여 바른 듯 얇고 가벼운 사용감과 뛰어난 밀착력으로 잡티, 모..."
135,유형별,메이크업,/kr/ko/shopping/product/makeup.html,페이스메이크업,MTG1230,코튼 베일 파우더 팩트,"13,0",/kr/ko/product/20160630/Cotton_Veil_Powder_Pact_01.jpg,/kr/ko/shopping/product/makeup/view.110650129.html,섬세한 입자의 파우더가 투명하고 화사하게 메이크업을 고정시켜 주고 매끈하고 보송한 피부를 ...
136,유형별,메이크업,/kr/ko/shopping/product/makeup.html,페이스메이크업,MTG1230,코튼 베일 파우더,"13,0",/kr/ko/product/Cotton_Veil_Powder_001_170113.jpg,/kr/ko/shopping/product/makeup/view.110650128.html,목화 솜을 닮은 파우더 입자가 피지 케어를 통해 투명하고 화사하게 메이크업을 고정시켜 주고...
137,유형별,메이크업,/kr/ko/shopping/product/makeup.html,페이스메이크업,MTG1230,코튼 베일 프라이머,"13,0",/kr/ko/product/20160630/Cotton_Veil_Primer_01.jpg,/kr/ko/shopping/product/makeup/view.110650125.html,"목화 추출물을 함유한 산뜻하고 촉촉한 텍스처가 피부 톤을 투명하고 화사하게 연출해주고
메이..."
138,유형별,메이크업,/kr/ko/shopping/product/makeup.html,페이스메이크업,MTG1230,씨씨 크림 (SPF 35 PA++),"18,0",/kr/ko/product/product/03.Complete_Care_Cream.jpg,/kr/ko/shopping/product/skin_care/view.110654833.html,"꽃초성분이 매끄러운 피부 결을 만들어주고
투명한 피부로 가꿔주는 멀티 크림(스킨케어+메이크..."
139,유형별,메이크업,/kr/ko/shopping/product/makeup.html,페이스메이크업,MTG1230,커버 파우더 쿠션 SPF 50+/PA+++,"20,0",/kr/ko/product/01.Cover_Powder_Cushion_SPF_50_PA_Em.jpg,/kr/ko/shopping/product/makeup/view.110650225.html,"복숭아꽃 쿠션으로
빈틈없는 초밀착 커버

미백, 주름개선, 자외선 차단
3중 기능성 화장품..."
140,유형별,메이크업,/kr/ko/shopping/product/makeup.html,페이스메이크업,MTG1230,팡팡 쉐이딩,"14,0",/kr/ko/product/06.Pang_Pang_shading.jpg,/kr/ko/shopping/product/makeup/view.110655009.html,팡팡 두드려서 얼굴의 각진 부분에 음영을 주어 갸름하고 슬림한 얼굴 선을 연출해주는 쉐이딩...
141,유형별,메이크업,/kr/ko/shopping/product/makeup.html,페이스메이크업,MTG1230,젤리 팩트,"28,0",/kr/ko/product/03.Jelly_pact.jpg,/kr/ko/shopping/product/makeup/view.110650175.html,반죽처럼 쫀쫀한 제형이 제2의 피부처럼 착~ 밀착되어 덧발라도 들뜨지 않고 매끈한 결을 완...
142,유형별,메이크업,/kr/ko/shopping/product/makeup.html,페이스메이크업,MTG1230,팡팡 하이라이터,"14,0",/kr/ko/product/03.Pang_Pang%E2%80%93Highlighter.jpg,/kr/ko/shopping/product/makeup/view.110654848.html,팡팡 두드려서 푹 꺼진 피부에 생기와 볼륨감을 빵빵하게 연출하는 하이라이터
143,유형별,메이크업,/kr/ko/shopping/product/makeup.html,페이스메이크업,MTG1230,팡팡 헤어 섀도우,"14,0",/kr/ko/product/01_pang-pang-hair-shadow_170101_1.jpg,/kr/ko/shopping/product/makeup/view.110650424.html,팡팡 두드려 M라인 이마를 U라인으로! 동안 헤어 라인 연출
144,유형별,메이크업,/kr/ko/shopping/product/makeup.html,페이스메이크업,MTG1230,컬러 톤업 베이스(SPF 35 / PA ++),"20,0",/kr/ko/product/color-tone-up-base_green_01_2.jpg,/kr/ko/shopping/product/makeup/view.110650416.html,피부 결점을 코렉팅하고 화사하게 톤업시켜 화장 잘 받는 피부로 연출해주는 메이크업 베이스
145,유형별,메이크업,/kr/ko/shopping/product/makeup.html,페이스메이크업,MTG1230,커버 글로우 파운데이션,"20,0",/kr/ko/product/cover-glow-foundation_170101_1.jpg,/kr/ko/shopping/product/makeup/view.110650407.html,커버와 글로우를 동시에! 원래 내 피부가 좋은 듯 투명 윤기 피부를 연출해주는 촉촉 커버 ...
146,유형별,메이크업,/kr/ko/shopping/product/makeup.html,페이스메이크업,MTG1230,하이 커버 리퀴드 쿠션 SPF34/PA++,"25,0",/kr/ko/product/20160923/High_Cover_Liquid_Cushion_01.jpg,/kr/ko/shopping/product/makeup/view.110650311.html,"리퀴드 파운데이션을 레이어링하여 바른 듯 얇고 가벼운 사용감과 뛰어난 밀착력으로 잡티, 모..."
147,유형별,메이크업,/kr/ko/shopping/product/makeup.html,페이스메이크업,MTG1230,코튼 베일 파우더 팩트,"13,0",/kr/ko/product/20160630/Cotton_Veil_Powder_Pact_01.jpg,/kr/ko/shopping/product/makeup/view.110650129.html,섬세한 입자의 파우더가 투명하고 화사하게 메이크업을 고정시켜 주고 매끈하고 보송한 피부를 ...
148,유형별,메이크업,/kr/ko/shopping/product/makeup.html,페이스메이크업,MTG1230,코튼 베일 파우더,"13,0",/kr/ko/product/Cotton_Veil_Powder_001_170113.jpg,/kr/ko/shopping/product/makeup/view.110650128.html,목화 솜을 닮은 파우더 입자가 피지 케어를 통해 투명하고 화사하게 메이크업을 고정시켜 주고...
149,유형별,메이크업,/kr/ko/shopping/product/makeup.html,페이스메이크업,MTG1230,코튼 베일 프라이머,"13,0",/kr/ko/product/20160630/Cotton_Veil_Primer_01.jpg,/kr/ko/shopping/product/makeup/view.110650125.html,"목화 추출물을 함유한 산뜻하고 촉촉한 텍스처가 피부 톤을 투명하고 화사하게 연출해주고
메이..."
150,유형별,메이크업,/kr/ko/shopping/product/makeup.html,페이스메이크업,MTG1230,씨씨 크림 (SPF 35 PA++),"18,0",/kr/ko/product/product/03.Complete_Care_Cream.jpg,/kr/ko/shopping/product/skin_care/view.110654833.html,"꽃초성분이 매끄러운 피부 결을 만들어주고
투명한 피부로 가꿔주는 멀티 크림(스킨케어+메이크..."
151,유형별,메이크업,/kr/ko/shopping/product/makeup.html,페이스메이크업,MTG1230,커버 파우더 쿠션 SPF 50+/PA+++,"20,0",/kr/ko/product/01.Cover_Powder_Cushion_SPF_50_PA_Em.jpg,/kr/ko/shopping/product/makeup/view.110650225.html,"복숭아꽃 쿠션으로
빈틈없는 초밀착 커버

미백, 주름개선, 자외선 차단
3중 기능성 화장품..."
152,유형별,메이크업,/kr/ko/shopping/product/makeup.html,페이스메이크업,MTG1230,팡팡 쉐이딩,"14,0",/kr/ko/product/06.Pang_Pang_shading.jpg,/kr/ko/shopping/product/makeup/view.110655009.html,팡팡 두드려서 얼굴의 각진 부분에 음영을 주어 갸름하고 슬림한 얼굴 선을 연출해주는 쉐이딩...
153,유형별,메이크업,/kr/ko/shopping/product/makeup.html,페이스메이크업,MTG1230,젤리 팩트,"28,0",/kr/ko/product/03.Jelly_pact.jpg,/kr/ko/shopping/product/makeup/view.110650175.html,반죽처럼 쫀쫀한 제형이 제2의 피부처럼 착~ 밀착되어 덧발라도 들뜨지 않고 매끈한 결을 완...
154,유형별,메이크업,/kr/ko/shopping/product/makeup.html,페이스메이크업,MTG1230,팡팡 하이라이터,"14,0",/kr/ko/product/03.Pang_Pang%E2%80%93Highlighter.jpg,/kr/ko/shopping/product/makeup/view.110654848.html,팡팡 두드려서 푹 꺼진 피부에 생기와 볼륨감을 빵빵하게 연출하는 하이라이터
155,유형별,메이크업,/kr/ko/shopping/product/makeup.html,페이스메이크업,MTG1230,팡팡 헤어 섀도우,"14,0",/kr/ko/product/01_pang-pang-hair-shadow_170101_1.jpg,/kr/ko/shopping/product/makeup/view.110650424.html,팡팡 두드려 M라인 이마를 U라인으로! 동안 헤어 라인 연출
156,유형별,메이크업,/kr/ko/shopping/product/makeup.html,립메이크업,MTG1220,듀얼 틴트 립밤,"13,0",/kr/ko/product/01_dual-tint-lip-balm.jpg,/kr/ko/shopping/product/makeup/view.110650240.html,고발색 립스틱과 고보습 틴트밤의 하모니로 완성하는 트렌디한 그라데이션
157,유형별,메이크업,/kr/ko/shopping/product/makeup.html,립메이크업,MTG1220,하이라이트 립 틴트 글로우,"11,0",/kr/ko/product/highlight-lip-tint-glow_hit.jpg,/kr/ko/shopping/product/makeup/view.110650423.html,고발색 & 고지속 & 고보습! 오일 드롭 틴트
158,유형별,메이크업,/kr/ko/shopping/product/makeup.html,립메이크업,MTG1220,트루 컬러 립스틱,"15,0",/kr/ko/product/20160930/True_Color_Lip_Stick01.jpg,/kr/ko/shopping/product/makeup/view.110650331.html,비교불가! 보이는 컬러 그대로~ 입술에 밀착 발색!
159,유형별,메이크업,/kr/ko/shopping/product/makeup.html,립메이크업,MTG1220,오일샤인스틱,"12,0",/kr/ko/product/20160804/Oil_Shine_Stick_01.jpg,/kr/ko/shopping/product/makeup/view.110650273.html,유리알 같이 투명하게 빛나는 광택효과와 발색력을 결합한 촉촉한 텍스처의 오일 립스틱
160,유형별,메이크업,/kr/ko/shopping/product/makeup.html,립메이크업,MTG1220,하이라이트 립 틴트,"11,0",/kr/ko/product/Highlight_Lip_Tint.jpg,/kr/ko/shopping/product/makeup/view.110650117.html,"얼굴에 하이라이트 조명 켠 듯, 피부톤을 살려주는 고발색 틴트
"
161,유형별,메이크업,/kr/ko/shopping/product/makeup.html,립메이크업,MTG1220,크리미 틴트 컬러밤 [라이트],"9,00",/kr/ko/product/20161014/04_CREAMY_TINT_COLOR_BALM_LIGHT_161014.jpg,/kr/ko/shopping/product/makeup/view.110654122.html,립스틱 + 틴트 + 글로스의 장점을 담아 맑고 선명하게 발색되는 펜슬 타입 컬러 립밤
162,유형별,메이크업,/kr/ko/shopping/product/makeup.html,립메이크업,MTG1220,크리미 틴트 컬러밤 [인텐스],"8,00",/kr/ko/product/20161014/01_Creamy_Tint_Color_Balm_Intense_161014.jpg,/kr/ko/shopping/product/makeup/view.110654836.html,"[립스틱 + 틴트 + 립밤] 립스틱의 선명한 발색과 틴트의 오랜 지속력, 립밤의 촉촉함을 ..."
163,유형별,메이크업,/kr/ko/shopping/product/makeup.html,립메이크업,MTG1220,크리미 틴트 컬러밤 [인텐스]_벨벳,"9,00",/kr/ko/product/20161014/03_Creamy_Tint_Color_Balm_Intense_Velvet_161014.jpg,/kr/ko/shopping/product/makeup/view.110655013.html,한번만 발라도 입술에 깊은 컬러감을 주고 벨벳처럼 부드러운 크레용 타입 립펜슬
164,유형별,메이크업,/kr/ko/shopping/product/makeup.html,립메이크업,MTG1220,크리미 컬러 립 라이너,"6,50",/kr/ko/product/creamy-color-lipliner_170101_1.jpg,/kr/ko/shopping/product/makeup/view.110650420.html,벨벳처럼 부드러운 텍스처로 선명한 입술을 연출해주는 립 라이너
165,유형별,메이크업,/kr/ko/shopping/product/makeup.html,립메이크업,MTG1220,크리미 틴트 컬러밤,"8,00",/kr/ko/product/20161014/02_Creamy_Tint_Color_Balm_161014.jpg,/kr/ko/shopping/product/makeup/view.110654754.html,틴트의 자연스런 컬러와 립밤의 촉촉함을 한번에 담아 부드럽게 밀착되는 펜슬 타입 컬러 립밤...
166,유형별,메이크업,/kr/ko/shopping/product/makeup.html,립메이크업,MTG1220,비비드 터치 모이스처 립스틱,"15,0",/kr/ko/product/05.Vivid_Touch_Moisture_Lipstick.jpg,/kr/ko/shopping/product/makeup/view.110654714.html,한번의 터치만으로 꽃잎의 화사함과 매끄러움을 연출해주는 고보습 립스틱
167,유형별,메이크업,/kr/ko/shopping/product/makeup.html,립메이크업,MTG1220,듀얼 틴트 립밤,"13,0",/kr/ko/product/01_dual-tint-lip-balm.jpg,/kr/ko/shopping/product/makeup/view.110650240.html,고발색 립스틱과 고보습 틴트밤의 하모니로 완성하는 트렌디한 그라데이션
168,유형별,메이크업,/kr/ko/shopping/product/makeup.html,립메이크업,MTG1220,하이라이트 립 틴트 글로우,"11,0",/kr/ko/product/highlight-lip-tint-glow_hit.jpg,/kr/ko/shopping/product/makeup/view.110650423.html,고발색 & 고지속 & 고보습! 오일 드롭 틴트
169,유형별,메이크업,/kr/ko/shopping/product/makeup.html,립메이크업,MTG1220,트루 컬러 립스틱,"15,0",/kr/ko/product/20160930/True_Color_Lip_Stick01.jpg,/kr/ko/shopping/product/makeup/view.110650331.html,비교불가! 보이는 컬러 그대로~ 입술에 밀착 발색!
170,유형별,메이크업,/kr/ko/shopping/product/makeup.html,립메이크업,MTG1220,오일샤인스틱,"12,0",/kr/ko/product/20160804/Oil_Shine_Stick_01.jpg,/kr/ko/shopping/product/makeup/view.110650273.html,유리알 같이 투명하게 빛나는 광택효과와 발색력을 결합한 촉촉한 텍스처의 오일 립스틱
171,유형별,메이크업,/kr/ko/shopping/product/makeup.html,립메이크업,MTG1220,하이라이트 립 틴트,"11,0",/kr/ko/product/Highlight_Lip_Tint.jpg,/kr/ko/shopping/product/makeup/view.110650117.html,"얼굴에 하이라이트 조명 켠 듯, 피부톤을 살려주는 고발색 틴트
"
172,유형별,메이크업,/kr/ko/shopping/product/makeup.html,립메이크업,MTG1220,크리미 틴트 컬러밤 [라이트],"9,00",/kr/ko/product/20161014/04_CREAMY_TINT_COLOR_BALM_LIGHT_161014.jpg,/kr/ko/shopping/product/makeup/view.110654122.html,립스틱 + 틴트 + 글로스의 장점을 담아 맑고 선명하게 발색되는 펜슬 타입 컬러 립밤
173,유형별,메이크업,/kr/ko/shopping/product/makeup.html,립메이크업,MTG1220,크리미 틴트 컬러밤 [인텐스],"8,00",/kr/ko/product/20161014/01_Creamy_Tint_Color_Balm_Intense_161014.jpg,/kr/ko/shopping/product/makeup/view.110654836.html,"[립스틱 + 틴트 + 립밤] 립스틱의 선명한 발색과 틴트의 오랜 지속력, 립밤의 촉촉함을 ..."
174,유형별,메이크업,/kr/ko/shopping/product/makeup.html,립메이크업,MTG1220,크리미 틴트 컬러밤 [인텐스]_벨벳,"9,00",/kr/ko/product/20161014/03_Creamy_Tint_Color_Balm_Intense_Velvet_161014.jpg,/kr/ko/shopping/product/makeup/view.110655013.html,한번만 발라도 입술에 깊은 컬러감을 주고 벨벳처럼 부드러운 크레용 타입 립펜슬
175,유형별,메이크업,/kr/ko/shopping/product/makeup.html,립메이크업,MTG1220,크리미 컬러 립 라이너,"6,50",/kr/ko/product/creamy-color-lipliner_170101_1.jpg,/kr/ko/shopping/product/makeup/view.110650420.html,벨벳처럼 부드러운 텍스처로 선명한 입술을 연출해주는 립 라이너
176,유형별,메이크업,/kr/ko/shopping/product/makeup.html,립메이크업,MTG1220,크리미 틴트 컬러밤,"8,00",/kr/ko/product/20161014/02_Creamy_Tint_Color_Balm_161014.jpg,/kr/ko/shopping/product/makeup/view.110654754.html,틴트의 자연스런 컬러와 립밤의 촉촉함을 한번에 담아 부드럽게 밀착되는 펜슬 타입 컬러 립밤...
177,유형별,메이크업,/kr/ko/shopping/product/makeup.html,립메이크업,MTG1220,비비드 터치 모이스처 립스틱,"15,0",/kr/ko/product/05.Vivid_Touch_Moisture_Lipstick.jpg,/kr/ko/shopping/product/makeup/view.110654714.html,한번의 터치만으로 꽃잎의 화사함과 매끄러움을 연출해주는 고보습 립스틱
178,유형별,메이크업,/kr/ko/shopping/product/makeup.html,아이메이크업,MTG1210,빅아이 롱앤컬 마스카라,"13,0",/kr/ko/product/01_big-eye-longCurl-mascara_170126.jpg,/kr/ko/shopping/product/makeup/view.110650518.html,뭉침없이 한 올 한 올 길어보이는 컬링감 연출!
179,유형별,메이크업,/kr/ko/shopping/product/makeup.html,아이메이크업,MTG1210,빅아이 볼륨래쉬 마스카라,"13,0",/kr/ko/product/01_big-eye-volume-lash-mascara_170126.jpg,/kr/ko/shopping/product/makeup/view.110650516.html,꽃수술처럼 매끄럽게 피어오른 풍성한 볼륨감 연출!
180,유형별,메이크업,/kr/ko/shopping/product/makeup.html,아이메이크업,MTG1210,투스텝 퍼펙트 브로우,"9,50",/kr/ko/product/20161014/Two_Step_Perfect_Brow_161014.jpg,/kr/ko/shopping/product/makeup/view.110650087.html,자연스러운 눈썹 라인과 컬러 연출을 오랫동안 지속시켜주는 틴트와 워터프루프 기능의 투스텝 ...
181,유형별,메이크업,/kr/ko/shopping/product/makeup.html,아이메이크업,MTG1210,비비드 터치 스틱 섀도우,"8,00",/kr/ko/product/01.vivid_touch_stick_shadowr.jpg,/kr/ko/shopping/product/makeup/view.110650050.html,슥~바르면 번짐없이 밀착되는 이지 드로잉 스틱 아이섀도우
182,유형별,메이크업,/kr/ko/shopping/product/makeup.html,아이메이크업,MTG1210,내추럴 우드펜슬 아이브로우,"3,00",/kr/ko/product/02.Natural_Woodpencil_Eyebrow.jpg,/kr/ko/shopping/product/makeup/view.110654681.html,부드러운 질감으로 자연스러운 눈썹표현을 연출해주는 우드 아이브로우
183,유형별,메이크업,/kr/ko/shopping/product/makeup.html,아이메이크업,MTG1210,내추럴 오토펜슬 아이브로우,"6,50",/kr/ko/product/01_natural-auto-pencil-eyebrow.jpg,/kr/ko/shopping/product/makeup/view.110650500.html,초보자도 쉽고 빠르게 뭉침없이 깔끔한 눈썹을 연출해주는 자연스러운 발색의 오토 타입 브로우...
184,유형별,메이크업,/kr/ko/shopping/product/makeup.html,아이메이크업,MTG1210,이지드로잉 젤아이라이너,"12,0",/kr/ko/product/01_easy-drawing-gel-eyeliner_170210.jpg,/kr/ko/shopping/product/makeup/view.110650522.html,강력한 지속력으로 부드럽게 밀착되어 번짐 없이 선명한 아이라인을 완성해주는 젤 아이라이너
185,유형별,메이크업,/kr/ko/shopping/product/makeup.html,아이메이크업,MTG1210,롱래스팅 붓펜 아이라이너,"9,00",/kr/ko/product/02.Longlasting_Pen_Eyeliner.jpg,/kr/ko/shopping/product/makeup/view.110654666.html,메이크업 초보자도 쉽고 빠르게 깊이감 있는 눈매로연출할 수 있는 붓펜 아이라이너
186,유형별,메이크업,/kr/ko/shopping/product/makeup.html,아이메이크업,MTG1210,수퍼롱웨어 오토펜슬 슬림라이너,"8,50",/kr/ko/product/01_super-longwear-autopencil-slim-liner_170126.jpg,/kr/ko/shopping/product/makeup/view.110650519.html,뛰어난 지속력으로 번들거림이나 뭉침 없이 부드럽고 섬세한 아이라인을 연출해주는 슬림라이너
187,유형별,메이크업,/kr/ko/shopping/product/makeup.html,아이메이크업,MTG1210,롱래스팅 리퀴드 아이라이너,"10,0",/kr/ko/product/01_longlasting-liquid-eyeliner_170126.jpg,/kr/ko/shopping/product/makeup/view.110650525.html,가벼운 밀착감과 빠른 피팅감으로 오랜 시간 선명하게 유지되는 리퀴드 아이라이너
188,유형별,메이크업,/kr/ko/shopping/product/makeup.html,아이메이크업,MTG1210,비비드 터치 아이즈,"5,50",/kr/ko/product/20160930/Vivid_touch_eyes.jpg,/kr/ko/shopping/product/makeup/view.110650100.html,꽃들의 비비드한 컬러와 촉감을 담아낸 아이섀도우
189,유형별,메이크업,/kr/ko/shopping/product/makeup.html,아이메이크업,MTG1210,내추럴 케익 아이브로우 키트,"12,0",/kr/ko/product/03.Natural_Cake_Eyebrow_Kit.jpg,/kr/ko/shopping/product/makeup/view.110654712.html,뭉침없이 자연스럽고 깔끔한 눈썹을 연출해주는 2컬러 케익 아이브로우 키트
190,유형별,메이크업,/kr/ko/shopping/product/makeup.html,아이메이크업,MTG1210,빅아이 롱앤컬 마스카라,"13,0",/kr/ko/product/01_big-eye-longCurl-mascara_170126.jpg,/kr/ko/shopping/product/makeup/view.110650518.html,뭉침없이 한 올 한 올 길어보이는 컬링감 연출!
191,유형별,메이크업,/kr/ko/shopping/product/makeup.html,아이메이크업,MTG1210,빅아이 볼륨래쉬 마스카라,"13,0",/kr/ko/product/01_big-eye-volume-lash-mascara_170126.jpg,/kr/ko/shopping/product/makeup/view.110650516.html,꽃수술처럼 매끄럽게 피어오른 풍성한 볼륨감 연출!
192,유형별,메이크업,/kr/ko/shopping/product/makeup.html,아이메이크업,MTG1210,투스텝 퍼펙트 브로우,"9,50",/kr/ko/product/20161014/Two_Step_Perfect_Brow_161014.jpg,/kr/ko/shopping/product/makeup/view.110650087.html,자연스러운 눈썹 라인과 컬러 연출을 오랫동안 지속시켜주는 틴트와 워터프루프 기능의 투스텝 ...
193,유형별,메이크업,/kr/ko/shopping/product/makeup.html,아이메이크업,MTG1210,비비드 터치 스틱 섀도우,"8,00",/kr/ko/product/01.vivid_touch_stick_shadowr.jpg,/kr/ko/shopping/product/makeup/view.110650050.html,슥~바르면 번짐없이 밀착되는 이지 드로잉 스틱 아이섀도우
194,유형별,메이크업,/kr/ko/shopping/product/makeup.html,아이메이크업,MTG1210,내추럴 우드펜슬 아이브로우,"3,00",/kr/ko/product/02.Natural_Woodpencil_Eyebrow.jpg,/kr/ko/shopping/product/makeup/view.110654681.html,부드러운 질감으로 자연스러운 눈썹표현을 연출해주는 우드 아이브로우
195,유형별,메이크업,/kr/ko/shopping/product/makeup.html,아이메이크업,MTG1210,내추럴 오토펜슬 아이브로우,"6,50",/kr/ko/product/01_natural-auto-pencil-eyebrow.jpg,/kr/ko/shopping/product/makeup/view.110650500.html,초보자도 쉽고 빠르게 뭉침없이 깔끔한 눈썹을 연출해주는 자연스러운 발색의 오토 타입 브로우...
196,유형별,메이크업,/kr/ko/shopping/product/makeup.html,아이메이크업,MTG1210,이지드로잉 젤아이라이너,"12,0",/kr/ko/product/01_easy-drawing-gel-eyeliner_170210.jpg,/kr/ko/shopping/product/makeup/view.110650522.html,강력한 지속력으로 부드럽게 밀착되어 번짐 없이 선명한 아이라인을 완성해주는 젤 아이라이너
197,유형별,메이크업,/kr/ko/shopping/product/makeup.html,아이메이크업,MTG1210,롱래스팅 붓펜 아이라이너,"9,00",/kr/ko/product/02.Longlasting_Pen_Eyeliner.jpg,/kr/ko/shopping/product/makeup/view.110654666.html,메이크업 초보자도 쉽고 빠르게 깊이감 있는 눈매로연출할 수 있는 붓펜 아이라이너
198,유형별,메이크업,/kr/ko/shopping/product/makeup.html,아이메이크업,MTG1210,수퍼롱웨어 오토펜슬 슬림라이너,"8,50",/kr/ko/product/01_super-longwear-autopencil-slim-liner_170126.jpg,/kr/ko/shopping/product/makeup/view.110650519.html,뛰어난 지속력으로 번들거림이나 뭉침 없이 부드럽고 섬세한 아이라인을 연출해주는 슬림라이너
199,유형별,메이크업,/kr/ko/shopping/product/makeup.html,아이메이크업,MTG1210,롱래스팅 리퀴드 아이라이너,"10,0",/kr/ko/product/01_longlasting-liquid-eyeliner_170126.jpg,/kr/ko/shopping/product/makeup/view.110650525.html,가벼운 밀착감과 빠른 피팅감으로 오랜 시간 선명하게 유지되는 리퀴드 아이라이너
200,유형별,메이크업,/kr/ko/shopping/product/makeup.html,아이메이크업,MTG1210,비비드 터치 아이즈,"5,50",/kr/ko/product/20160930/Vivid_touch_eyes.jpg,/kr/ko/shopping/product/makeup/view.110650100.html,꽃들의 비비드한 컬러와 촉감을 담아낸 아이섀도우
201,유형별,메이크업,/kr/ko/shopping/product/makeup.html,아이메이크업,MTG1210,내추럴 케익 아이브로우 키트,"12,0",/kr/ko/product/03.Natural_Cake_Eyebrow_Kit.jpg,/kr/ko/shopping/product/makeup/view.110654712.html,뭉침없이 자연스럽고 깔끔한 눈썹을 연출해주는 2컬러 케익 아이브로우 키트
202,유형별,네일,/kr/ko/shopping/product/nail.html,,,네일 가든 리무버 인텐스 (옐로 컬러/ 아카시아 향),"3,50",/kr/ko/product/04.Nail_Garden_Remover_Intense.jpg,/kr/ko/shopping/product/nail/view.110654915.html,지우기 힘든 네일 컬러를 빠르고 강력하게 닦아내는 아카시아 향의 네일 리무버
203,유형별,네일,/kr/ko/shopping/product/nail.html,,,네일 가든 리무버 노멀 (핑크 컬러/ 로즈향),"2,00",/kr/ko/product/03.Nail_Garden_Remover_Normal.jpg,/kr/ko/shopping/product/nail/view.110654914.html,"손톱을 보호하며 깔끔하게 지워주는 로즈 향의 네일 리무버(핑크 컬러 / 로즈향)
[마트, ..."
204,유형별,프레그런스,/kr/ko/shopping/product/fragrance.html,,,오리엔탈 가든 센티드 룸 스프레이,"20,0",/kr/ko/product/03.Oriental_Garden_Scented_Room_Spray.jpg,/kr/ko/shopping/product/fragrance/view.110656182.html,꽃이 피는 순간처럼 즉각적으로 활력을 부여하고 분위기를 매력적으로 바꿀 수 있는 룸 스프레...
205,유형별,프레그런스,/kr/ko/shopping/product/fragrance.html,,,오리엔탈 가든 센티드 캔들,"22,0",/kr/ko/product/02.Oriental_Garden_Scented_Candle.jpg,/kr/ko/shopping/product/fragrance/view.110656177.html,"꽃이 만개한 정원을 거닐 때처럼 보다 섬세하게 향을 즐길 수 있고, 휴식과 위안을 선사하는..."
206,유형별,프레그런스,/kr/ko/shopping/product/fragrance.html,,,오리엔탈 가든 센티드 디퓨저,"25,0",/kr/ko/product/01.Oriental_Garden_Scented_Diffuser.jpg,/kr/ko/shopping/product/fragrance/view.110656167.html,꽃을 한 아름 꽂아놓은 것 같이 언제나 생기 넘치는 에너지와 은은한 향을 가득 채워주는 디...
207,유형별,프레그런스,/kr/ko/shopping/product/fragrance.html,,,오리엔탈 가든 센티드 룸 스프레이,"20,0",/kr/ko/product/03.Oriental_Garden_Scented_Room_Spray.jpg,/kr/ko/shopping/product/fragrance/view.110656182.html,꽃이 피는 순간처럼 즉각적으로 활력을 부여하고 분위기를 매력적으로 바꿀 수 있는 룸 스프레...
208,유형별,프레그런스,/kr/ko/shopping/product/fragrance.html,,,오리엔탈 가든 센티드 캔들,"22,0",/kr/ko/product/02.Oriental_Garden_Scented_Candle.jpg,/kr/ko/shopping/product/fragrance/view.110656177.html,"꽃이 만개한 정원을 거닐 때처럼 보다 섬세하게 향을 즐길 수 있고, 휴식과 위안을 선사하는..."
209,유형별,프레그런스,/kr/ko/shopping/product/fragrance.html,,,오리엔탈 가든 센티드 디퓨저,"25,0",/kr/ko/product/01.Oriental_Garden_Scented_Diffuser.jpg,/kr/ko/shopping/product/fragrance/view.110656167.html,꽃을 한 아름 꽂아놓은 것 같이 언제나 생기 넘치는 에너지와 은은한 향을 가득 채워주는 디...
210,유형별,맨,/kr/ko/shopping/product/man.html,,,맨 모이스처 컨트롤 세트 2종,"32,0",/kr/ko/product/20160614/Moisture_control_set_2_01.jpg,/kr/ko/shopping/product/skin_care/view.110650009.html,산뜻한 향의 대나무 수액 성분이 함유된 수분감이 풍부한 스킨/로션 세트
211,유형별,맨,/kr/ko/shopping/product/man.html,,,맨 올인원 에센스,"25,0",/kr/ko/product/product/07.MEN_All_in_one_Essence.jpg,/kr/ko/shopping/product/man/view.110656121.html,"유해 환경에 노출이 잦은 남자 피부의 5가지 고민을 간편하게 해결해주는, 스킨+로션+에센스..."
212,유형별,맨,/kr/ko/shopping/product/man.html,,,맨 유브이 컨트롤 에브리데이 선크림 SPF50+ PA+++,"14,0",/kr/ko/product/05.MEN_UV_CONTROL_Everyday_Sun_cream_SPF50_PA.jpg,/kr/ko/shopping/product/type_sunscreen/view.110656089.html,바른 듯 안 바른 듯 가볍게! 충분히 덜어발라도 백탁 걱정없이 보송보송하게 매일의 자외선으...
213,유형별,맨,/kr/ko/shopping/product/man.html,,,맨 모이스쳐 컨트롤 토너,"16,0",/kr/ko/product/ManMoistureControlToner_GSET.jpg,/kr/ko/shopping/product/type_moisture/view.110655985.html,산뜻한 향의 투명 스킨이 끈적임 없이 피부를 촉촉하게 정돈
214,유형별,맨,/kr/ko/shopping/product/man.html,,,맨 모이스쳐 컨트롤 로션,"16,0",/kr/ko/product/ManMoistureControlLotion_SET.jpg,/kr/ko/shopping/product/man/view.110655986.html,산뜻한 향과 풍부한 수분감의 투명 스킨이 끈적임 없이 피부를 촉촉하게 정돈
215,유형별,맨,/kr/ko/shopping/product/man.html,,,맨 세범 컨트롤 로션,"16,0",/kr/ko/product/02.Sebum_Control_Lotion.jpg,/kr/ko/shopping/product/man/view.110655989.html,피지 흡착 파우더가 과다 분비된 피지를 케어하고 번들거림 없이 산뜻하게 마무리
216,유형별,맨,/kr/ko/shopping/product/man.html,,,맨 세범 컨트롤 토너,"16,0",/kr/ko/product/product/02.Sebum_Control_Toner.jpg,/kr/ko/shopping/product/type_pore/view.110655988.html,피지 흡착 파우더를 함유한 2층상의 토너가 피부를 산뜻하고 시원하게 정돈
217,유형별,맨,/kr/ko/shopping/product/man.html,,,맨 세범 컨트롤 페이스 워시,"10,0",/kr/ko/product/product/06.Sebum_Control_Face_Wash.jpg,/kr/ko/shopping/product/man/view.110655987.html,피부의 과잉 피지를 흡착하고 부드러운 미세 거품이 모공 속까지 개운하게 클렌징해주는 산뜻한...
218,유형별,맨,/kr/ko/shopping/product/man.html,,,맨 모이스처 컨트롤 세트 2종,"32,0",/kr/ko/product/20160614/Moisture_control_set_2_01.jpg,/kr/ko/shopping/product/skin_care/view.110650009.html,산뜻한 향의 대나무 수액 성분이 함유된 수분감이 풍부한 스킨/로션 세트
219,유형별,맨,/kr/ko/shopping/product/man.html,,,맨 올인원 에센스,"25,0",/kr/ko/product/product/07.MEN_All_in_one_Essence.jpg,/kr/ko/shopping/product/man/view.110656121.html,"유해 환경에 노출이 잦은 남자 피부의 5가지 고민을 간편하게 해결해주는, 스킨+로션+에센스..."
220,유형별,맨,/kr/ko/shopping/product/man.html,,,맨 유브이 컨트롤 에브리데이 선크림 SPF50+ PA+++,"14,0",/kr/ko/product/05.MEN_UV_CONTROL_Everyday_Sun_cream_SPF50_PA.jpg,/kr/ko/shopping/product/type_sunscreen/view.110656089.html,바른 듯 안 바른 듯 가볍게! 충분히 덜어발라도 백탁 걱정없이 보송보송하게 매일의 자외선으...
221,유형별,맨,/kr/ko/shopping/product/man.html,,,맨 모이스쳐 컨트롤 토너,"16,0",/kr/ko/product/ManMoistureControlToner_GSET.jpg,/kr/ko/shopping/product/type_moisture/view.110655985.html,산뜻한 향의 투명 스킨이 끈적임 없이 피부를 촉촉하게 정돈
222,유형별,맨,/kr/ko/shopping/product/man.html,,,맨 모이스쳐 컨트롤 로션,"16,0",/kr/ko/product/ManMoistureControlLotion_SET.jpg,/kr/ko/shopping/product/man/view.110655986.html,산뜻한 향과 풍부한 수분감의 투명 스킨이 끈적임 없이 피부를 촉촉하게 정돈
223,유형별,맨,/kr/ko/shopping/product/man.html,,,맨 세범 컨트롤 로션,"16,0",/kr/ko/product/02.Sebum_Control_Lotion.jpg,/kr/ko/shopping/product/man/view.110655989.html,피지 흡착 파우더가 과다 분비된 피지를 케어하고 번들거림 없이 산뜻하게 마무리
224,유형별,맨,/kr/ko/shopping/product/man.html,,,맨 세범 컨트롤 토너,"16,0",/kr/ko/product/product/02.Sebum_Control_Toner.jpg,/kr/ko/shopping/product/type_pore/view.110655988.html,피지 흡착 파우더를 함유한 2층상의 토너가 피부를 산뜻하고 시원하게 정돈
225,유형별,맨,/kr/ko/shopping/product/man.html,,,맨 세범 컨트롤 페이스 워시,"10,0",/kr/ko/product/product/06.Sebum_Control_Face_Wash.jpg,/kr/ko/shopping/product/man/view.110655987.html,피부의 과잉 피지를 흡착하고 부드러운 미세 거품이 모공 속까지 개운하게 클렌징해주는 산뜻한...
226,라인별,꽃초,/kr/ko/shopping/product/flower_cho.html,,,퍼스트 에너지 세럼 기프트 세트,"28,0",/kr/ko/product/20160822/First_Energy_Serum_SET.jpg,/kr/ko/shopping/product/skin_care/view.110650330.html,"촘촘한 탄력으로 안부터 탱탱한 피부 탱탱부스팅 금은화 꽃초 세럼 (주름개선, 미백기능성)"
227,라인별,꽃초,/kr/ko/shopping/product/flower_cho.html,,,퍼스트 에너지 에센스,"28,0",/kr/ko/product/02.First_Energy_Essence.jpg,/kr/ko/shopping/product/skin_care/view.110656096.html,"
촘촘한 탄력으로 안부터 탱탱한 피부
탱탱 부스팅 금은화 꽃초 에센스
(주름개선, 미백기능..."
228,라인별,꽃초,/kr/ko/shopping/product/flower_cho.html,,,퍼스트 에너지 세럼,"28,0",/kr/ko/product/03.First_Energy_Serum.jpg,/kr/ko/shopping/product/skin_care/view.110656097.html,"촘촘한 탄력으로 안부터 탱탱한 피부
탱탱부스팅 금은화 꽃초 세럼
(주름개선, 미백기능성)"
229,라인별,꽃초,/kr/ko/shopping/product/flower_cho.html,,,퍼스트 에너지 세럼 기프트 세트,"28,0",/kr/ko/product/20160822/First_Energy_Serum_SET.jpg,/kr/ko/shopping/product/skin_care/view.110650330.html,"촘촘한 탄력으로 안부터 탱탱한 피부 탱탱부스팅 금은화 꽃초 세럼 (주름개선, 미백기능성)"
230,라인별,꽃초,/kr/ko/shopping/product/flower_cho.html,,,퍼스트 에너지 에센스,"28,0",/kr/ko/product/02.First_Energy_Essence.jpg,/kr/ko/shopping/product/skin_care/view.110656096.html,"
촘촘한 탄력으로 안부터 탱탱한 피부
탱탱 부스팅 금은화 꽃초 에센스
(주름개선, 미백기능..."
231,라인별,꽃초,/kr/ko/shopping/product/flower_cho.html,,,퍼스트 에너지 세럼,"28,0",/kr/ko/product/03.First_Energy_Serum.jpg,/kr/ko/shopping/product/skin_care/view.110656097.html,"촘촘한 탄력으로 안부터 탱탱한 피부
탱탱부스팅 금은화 꽃초 세럼
(주름개선, 미백기능성)"
232,라인별,무궁화,/kr/ko/shopping/product/hibiscus.html,,,모이스처 세라마이드 에멀전,"18,0",/kr/ko/product/20160829/MOISTURE_CERAMINDE_EMULSION.jpg,/kr/ko/shopping/product/skin_care/view.110650205.html,"흐트러진 피부 장벽을 강화 시켜 주어 빈틈 없는
촉촉함을 제공하는 고보습 로션"
233,라인별,무궁화,/kr/ko/shopping/product/hibiscus.html,,,모이스처 세라마이드 스킨 소프너,"16,0",/kr/ko/product/20160829/MOISTURE_CERAMINDE_SKIN_SOFTNER.jpg,/kr/ko/shopping/product/skin_care/view.110650204.html,"흐트러진 피부 장벽을 강화 시켜 주어 빈틈 없는
촉촉함을 제공하는 고보습 스킨"
234,라인별,무궁화,/kr/ko/shopping/product/hibiscus.html,,,모이스처 세라마이드 인텐스 크림,"29,0",/kr/ko/product/05_Moisture_Ceramide_Intense_cream.jpg,/kr/ko/shopping/product/skin_care/view.110656116.html,빈틈 없는 밀착 보습을 통해 튼튼한 피부 장벽을 만들어 주는 무궁화 보습 장벽 크림
235,라인별,무궁화,/kr/ko/shopping/product/hibiscus.html,,,모이스처 세라마이드 라이트 크림,"29,0",/kr/ko/product/Moisture_Ceramide_Light_cream.jpg,/kr/ko/shopping/product/skin_care/view.110656117.html,빈틈 없는 밀착 보습을 통해 튼튼한 피부 장벽을 만들어 주는 무궁화 보습 장벽 크림
236,라인별,무궁화,/kr/ko/shopping/product/hibiscus.html,,,모이스처 세라마이드  슬리핑 필링 마스크,"19,0",/kr/ko/product/06.Moisture_Ceramide_Sleeping_Peeling_Mask.jpg,/kr/ko/shopping/product/skin_care/view.110656118.html,잠자는 사이 묵은 각질을 부드럽게 녹여 주고 밀착 보습막을 형성하여 튼튼한 피부 장벽을 만...
237,라인별,무궁화,/kr/ko/shopping/product/hibiscus.html,,,모이스처 세라마이드 에멀전,"18,0",/kr/ko/product/20160829/MOISTURE_CERAMINDE_EMULSION.jpg,/kr/ko/shopping/product/skin_care/view.110650205.html,"흐트러진 피부 장벽을 강화 시켜 주어 빈틈 없는
촉촉함을 제공하는 고보습 로션"
238,라인별,무궁화,/kr/ko/shopping/product/hibiscus.html,,,모이스처 세라마이드 스킨 소프너,"16,0",/kr/ko/product/20160829/MOISTURE_CERAMINDE_SKIN_SOFTNER.jpg,/kr/ko/shopping/product/skin_care/view.110650204.html,"흐트러진 피부 장벽을 강화 시켜 주어 빈틈 없는
촉촉함을 제공하는 고보습 스킨"
239,라인별,무궁화,/kr/ko/shopping/product/hibiscus.html,,,모이스처 세라마이드 인텐스 크림,"29,0",/kr/ko/product/05_Moisture_Ceramide_Intense_cream.jpg,/kr/ko/shopping/product/skin_care/view.110656116.html,빈틈 없는 밀착 보습을 통해 튼튼한 피부 장벽을 만들어 주는 무궁화 보습 장벽 크림
240,라인별,무궁화,/kr/ko/shopping/product/hibiscus.html,,,모이스처 세라마이드 라이트 크림,"29,0",/kr/ko/product/Moisture_Ceramide_Light_cream.jpg,/kr/ko/shopping/product/skin_care/view.110656117.html,빈틈 없는 밀착 보습을 통해 튼튼한 피부 장벽을 만들어 주는 무궁화 보습 장벽 크림
241,라인별,무궁화,/kr/ko/shopping/product/hibiscus.html,,,모이스처 세라마이드  슬리핑 필링 마스크,"19,0",/kr/ko/product/06.Moisture_Ceramide_Sleeping_Peeling_Mask.jpg,/kr/ko/shopping/product/skin_care/view.110656118.html,잠자는 사이 묵은 각질을 부드럽게 녹여 주고 밀착 보습막을 형성하여 튼튼한 피부 장벽을 만...
242,라인별,수선화,/kr/ko/shopping/product/narcissus.html,,,플로랄 하이드로 미스트,"12,0",/kr/ko/product/16.Floral_Hydro_mist.jpg,/kr/ko/shopping/product/skin_care/view.110656091.html,"피부가 달아오르고 건조할 때, 상쾌한 수선화 수분이 메마른 피부를 촉촉하게 채워주어 쿨링 ..."
243,라인별,수선화,/kr/ko/shopping/product/narcissus.html,,,플로랄 하이드로 에멀젼,"17,0",/kr/ko/product/2.Floral_Hydro_emulsion.jpg,/kr/ko/shopping/product/skin_care/view.110656099.html,"수선화 수분 저장 에멀젼
산뜻하게 흡수되고 뛰어난 수분 보유력으로
오래도록 촉촉함을 남겨주..."
244,라인별,수선화,/kr/ko/shopping/product/narcissus.html,,,플로랄 하이드로 스킨소프너,"15,0",/kr/ko/product/01.Floral_Hydro%20skin_softener.jpg,/kr/ko/shopping/product/skin_care/view.110656098.html,"수선화 수분 진정 스킨
피부 속 깊숙이 흡수되어 탈수된 피부를 촉촉하게 진정시켜주는 수분 ..."
245,라인별,수선화,/kr/ko/shopping/product/narcissus.html,,,플로랄 하이드로 크림,"27,0",/kr/ko/product/07.Floral_Hydro_Cream.jpg,/kr/ko/shopping/product/skin_care/view.110656100.html,"수선화 수분 저장 크림
수선화 알뿌리 수분 저장력과 저분자 자연추출 수선화 꽃수 67%의 ..."
246,라인별,수선화,/kr/ko/shopping/product/narcissus.html,,,플로랄 하이드로 미스트,"12,0",/kr/ko/product/16.Floral_Hydro_mist.jpg,/kr/ko/shopping/product/skin_care/view.110656091.html,"피부가 달아오르고 건조할 때, 상쾌한 수선화 수분이 메마른 피부를 촉촉하게 채워주어 쿨링 ..."
247,라인별,수선화,/kr/ko/shopping/product/narcissus.html,,,플로랄 하이드로 에멀젼,"17,0",/kr/ko/product/2.Floral_Hydro_emulsion.jpg,/kr/ko/shopping/product/skin_care/view.110656099.html,"수선화 수분 저장 에멀젼
산뜻하게 흡수되고 뛰어난 수분 보유력으로
오래도록 촉촉함을 남겨주..."
248,라인별,수선화,/kr/ko/shopping/product/narcissus.html,,,플로랄 하이드로 스킨소프너,"15,0",/kr/ko/product/01.Floral_Hydro%20skin_softener.jpg,/kr/ko/shopping/product/skin_care/view.110656098.html,"수선화 수분 진정 스킨
피부 속 깊숙이 흡수되어 탈수된 피부를 촉촉하게 진정시켜주는 수분 ..."
249,라인별,수선화,/kr/ko/shopping/product/narcissus.html,,,플로랄 하이드로 크림,"27,0",/kr/ko/product/07.Floral_Hydro_Cream.jpg,/kr/ko/shopping/product/skin_care/view.110656100.html,"수선화 수분 저장 크림
수선화 알뿌리 수분 저장력과 저분자 자연추출 수선화 꽃수 67%의 ..."
250,라인별,연꽃,/kr/ko/shopping/product/lotus_micro.html,,,연꽃 마이크로 클렌징 오일,"19,0",/kr/ko/product/04.Lotus_Micro_Cleansing_Oil.jpg,/kr/ko/shopping/product/skin_care/view.110656165.html,"우수한 세정력의 워터리 오일이 모공을 막지 않고 하루 종일 유분과 뒤엉킨 미세먼지, 메이크..."
251,라인별,연꽃,/kr/ko/shopping/product/lotus_micro.html,,,연꽃 마이크로 립 앤 아이 리무버,"9,50",/kr/ko/product/03.Lotus_Micro_Lip_Eye_Remover.jpg,/kr/ko/shopping/product/skin_care/view.110656164.html,진한 메이크업도 부드럽게 녹여 연약한 눈가와 입가를 촉촉하고 깨끗하게 지켜주는 립앤아이 메...
252,라인별,연꽃,/kr/ko/shopping/product/lotus_micro.html,,,연꽃 마이크로 마스크 투 폼,"13,0",/kr/ko/product/02.Lotus_Micro_Mask_to_Foam.jpg,/kr/ko/shopping/product/skin_care/view.110656163.html,"천연 핑크 클레이가 각질과 블랙헤드를 제거하고, 물을 묻히면 조밀한 거품으로 변하여 모공 ..."
253,라인별,연꽃,/kr/ko/shopping/product/lotus_micro.html,,,연꽃 마이크로 클렌징 오일 티슈,"12,0",/kr/ko/product/05.Lotus_Micro_Cleansing_Oil_Tissue.jpg,/kr/ko/shopping/product/skin_care/view.110656166.html,클렌징 오일의 세정력과 클렌징 티슈의 간편함을 한 번에 담아 피부에 무리를 주지 않으면서 ...
254,라인별,연꽃,/kr/ko/shopping/product/lotus_micro.html,,,연꽃 마이크로 클렌징 폼,"13,0",/kr/ko/product/01.Lotus_Micro_Cleansing_Foam.jpg,/kr/ko/shopping/product/skin_care/view.110656162.html,"초미세먼지(PM 2.5)까지 말끔하게 씻어내고, 피부보습인지는 그대로 지켜주어 건강하고 환..."
255,라인별,목련,/kr/ko/shopping/product/pure_white.html,,,퓨어화이트 울트라액티브 에멀젼,"24,0",/kr/ko/product/4.Pure_White_Ultra_Active_emulsion.jpg,/kr/ko/shopping/product/skin_care/view.110656135.html,피부 칙칙함은 지워주고 탱탱함은 채워주는 탄력미백 로션[미백 기능성]
256,라인별,목련,/kr/ko/shopping/product/pure_white.html,,,퓨어화이트 울트라액티브 스킨소프너,"22,0",/kr/ko/product/3.Pure_White_Ultra_Active_skin_softener.jpg,/kr/ko/shopping/product/skin_care/view.110656134.html,피부 칙칙함은 지워주고 탱탱함은 채워주는 탄력미백 젤스킨 [미백기능성]
257,라인별,목련,/kr/ko/shopping/product/pure_white.html,,,퓨어화이트 울트라액티브 크림,"35,0",/kr/ko/product/PWUA_Cream_GSET.jpg,/kr/ko/shopping/product/skin_care/view.110656137.html,"탄력미백막이 피부를 보호하여 피부 칙칙함과 탄력저하를 동시에 방어해주는 탄력미백크림
[미백..."
258,라인별,목련,/kr/ko/shopping/product/pure_white.html,,,퓨어화이트 울트라액티브 에센스,"35,0",/kr/ko/product/PWUA_Essence_GSET.jpg,/kr/ko/shopping/product/skin_care/view.110656136.html,자목련 생기 캡슐과 투명 탄력 미백젤이 피부 칙칙함은 지우고 건강한 생기는 증가시켜 동안 ...
259,라인별,목련,/kr/ko/shopping/product/pure_white.html,,,퓨어화이트 울트라액티브 에멀젼,"24,0",/kr/ko/product/4.Pure_White_Ultra_Active_emulsion.jpg,/kr/ko/shopping/product/skin_care/view.110656135.html,피부 칙칙함은 지워주고 탱탱함은 채워주는 탄력미백 로션[미백 기능성]
260,라인별,목련,/kr/ko/shopping/product/pure_white.html,,,퓨어화이트 울트라액티브 스킨소프너,"22,0",/kr/ko/product/3.Pure_White_Ultra_Active_skin_softener.jpg,/kr/ko/shopping/product/skin_care/view.110656134.html,피부 칙칙함은 지워주고 탱탱함은 채워주는 탄력미백 젤스킨 [미백기능성]
261,라인별,목련,/kr/ko/shopping/product/pure_white.html,,,퓨어화이트 울트라액티브 크림,"35,0",/kr/ko/product/PWUA_Cream_GSET.jpg,/kr/ko/shopping/product/skin_care/view.110656137.html,"탄력미백막이 피부를 보호하여 피부 칙칙함과 탄력저하를 동시에 방어해주는 탄력미백크림
[미백..."
262,라인별,목련,/kr/ko/shopping/product/pure_white.html,,,퓨어화이트 울트라액티브 에센스,"35,0",/kr/ko/product/PWUA_Essence_GSET.jpg,/kr/ko/shopping/product/skin_care/view.110656136.html,자목련 생기 캡슐과 투명 탄력 미백젤이 피부 칙칙함은 지우고 건강한 생기는 증가시켜 동안 ...
263,라인별,로즈,/kr/ko/shopping/product/rose.html,,,페탈 스파 클렌징 오일,"19,0",/kr/ko/product/petal-spa-cleansing-oil_170101_1.jpg,/kr/ko/shopping/product/skin_care/view.110650543.html,롤링 시 발생하는 온열감으로 모공 속 노폐물까지 말끔하게 제거해주는 클렌징 오일
264,라인별,로즈,/kr/ko/shopping/product/rose.html,,,페탈 스파 오일 투 폼,"13,0",/kr/ko/product/petal-spa-oil-to-foam_170101_1.jpg,/kr/ko/shopping/product/skin_care/view.110650544.html,오일이 메이크업을 부드럽게 녹여주고 물을 묻히면 거품이 발생하여 쉽고 빠른 클렌징이 가능한...
265,라인별,로즈,/kr/ko/shopping/product/rose.html,,,페탈 스파 클렌징밤,"19,0",/kr/ko/product/petal-spa-cleansing-balm_170101_1.jpg,/kr/ko/shopping/product/skin_care/view.110650545.html,피부에 닿는 순간 오일로 녹는 젤리 제형이 메이크업을 깔끔하게 지워주는 마사지 겸용 클렌징...
266,라인별,로즈,/kr/ko/shopping/product/rose.html,,,로즈 워터 쿠션 크림,"15,0",/kr/ko/product/Rose_Water_Cushion_Cream.jpg,/kr/ko/shopping/product/skin_care/view.110650185.html,물 대신 장미수 80.33%를 함유하여 피부를 시원하고 촉촉하게 마무리 시켜주는 장미수 올...
267,라인별,로즈,/kr/ko/shopping/product/rose.html,,,로즈워터 멀티 수딩젤,"9,00",/kr/ko/product/08.Rose_Water_Multi_Soothing_Gel.jpg,/kr/ko/shopping/product/skin_care/view.110656095.html,"바르는 순간, 냉장고에서 갓 꺼낸 듯!
시원한 장미수가 달아오른 피부를
진정시키는 장미수 ..."
268,라인별,로즈,/kr/ko/shopping/product/rose.html,,,로즈워터 토너 (대용량),"25,0",/kr/ko/product/20161014/6_rose_water_toner_large_161014.jpg,/kr/ko/shopping/product/skin_care/view.110656094.html,"물 대신, 장미수 90.89% 함유로 촉촉하게 닦아내는 진정보습 장미수 토너"
269,라인별,로즈,/kr/ko/shopping/product/rose.html,,,로즈워터 토너,"15,0",/kr/ko/product/20161014/7_rose_water_toner_161014.jpg,/kr/ko/shopping/product/skin_care/view.110656093.html,"물 대신, 장미수 90.89% 함유로 촉촉하게 닦아내는 진정보습 장미수 토너"
270,라인별,로즈,/kr/ko/shopping/product/rose.html,,,페탈 스파 클렌징 오일,"19,0",/kr/ko/product/petal-spa-cleansing-oil_170101_1.jpg,/kr/ko/shopping/product/skin_care/view.110650543.html,롤링 시 발생하는 온열감으로 모공 속 노폐물까지 말끔하게 제거해주는 클렌징 오일
271,라인별,로즈,/kr/ko/shopping/product/rose.html,,,페탈 스파 오일 투 폼,"13,0",/kr/ko/product/petal-spa-oil-to-foam_170101_1.jpg,/kr/ko/shopping/product/skin_care/view.110650544.html,오일이 메이크업을 부드럽게 녹여주고 물을 묻히면 거품이 발생하여 쉽고 빠른 클렌징이 가능한...
272,라인별,로즈,/kr/ko/shopping/product/rose.html,,,페탈 스파 클렌징밤,"19,0",/kr/ko/product/petal-spa-cleansing-balm_170101_1.jpg,/kr/ko/shopping/product/skin_care/view.110650545.html,피부에 닿는 순간 오일로 녹는 젤리 제형이 메이크업을 깔끔하게 지워주는 마사지 겸용 클렌징...
273,라인별,로즈,/kr/ko/shopping/product/rose.html,,,로즈 워터 쿠션 크림,"15,0",/kr/ko/product/Rose_Water_Cushion_Cream.jpg,/kr/ko/shopping/product/skin_care/view.110650185.html,물 대신 장미수 80.33%를 함유하여 피부를 시원하고 촉촉하게 마무리 시켜주는 장미수 올...
274,라인별,로즈,/kr/ko/shopping/product/rose.html,,,로즈워터 멀티 수딩젤,"9,00",/kr/ko/product/08.Rose_Water_Multi_Soothing_Gel.jpg,/kr/ko/shopping/product/skin_care/view.110656095.html,"바르는 순간, 냉장고에서 갓 꺼낸 듯!
시원한 장미수가 달아오른 피부를
진정시키는 장미수 ..."
275,라인별,로즈,/kr/ko/shopping/product/rose.html,,,로즈워터 토너 (대용량),"25,0",/kr/ko/product/20161014/6_rose_water_toner_large_161014.jpg,/kr/ko/shopping/product/skin_care/view.110656094.html,"물 대신, 장미수 90.89% 함유로 촉촉하게 닦아내는 진정보습 장미수 토너"
276,라인별,로즈,/kr/ko/shopping/product/rose.html,,,로즈워터 토너,"15,0",/kr/ko/product/20161014/7_rose_water_toner_161014.jpg,/kr/ko/shopping/product/skin_care/view.110656093.html,"물 대신, 장미수 90.89% 함유로 촉촉하게 닦아내는 진정보습 장미수 토너"
277,라인별,동백,/kr/ko/shopping/product/age_control.html,,,에이지 컨트롤 2종 세트,"46,0",/kr/ko/product/age-control-special-set_170101_1.jpg,/kr/ko/shopping/product/skin_care/view.110650539.html,"붉은 꽃, 동백의 강력한 항산화력을 담은 안티에이징 2종 세트"
278,라인별,동백,/kr/ko/shopping/product/age_control.html,,,에이지 컨트롤 에멀젼,"24,0",/kr/ko/product/9.Age_Control_Emulsion.jpg,/kr/ko/shopping/product/skin_care/view.110656114.html,탄력있는 피부를 만들기 위한 충분한 수분과 영양을 함께 공급하여 에이징 케어의 기본을 탄탄...
279,라인별,동백,/kr/ko/shopping/product/age_control.html,,,에이지 컨트롤 스킨 소프너,"22,0",/kr/ko/product/8.Age_Control_Skin_Softener.jpg,/kr/ko/shopping/product/skin_care/view.110656113.html,동안 탄력의 신호로 잠자는 피부를 깨워 영양성분을 깊게 흡수할 수 있는 바탕을 만들어 주는...
280,라인별,동백,/kr/ko/shopping/product/age_control.html,,,에이지 컨트롤 파워 아이크림,"35,0",/kr/ko/product/02.Age_Control_Power_Eye_Cream.jpg,/kr/ko/shopping/product/skin_care/view.110656111.html,"어려 보이는 눈가의 3대 요소인 눈가 탄력과 눈가 주름, 다크서클을 동시에 효과적으로 케어..."
281,라인별,동백,/kr/ko/shopping/product/age_control.html,,,에이지 컨트롤 파워 크림,"37,0",/kr/ko/product/12.Age_Control_Power_Cream.jpg,/kr/ko/shopping/product/skin_care/view.110656110.html,"집중 영양 공급으로 피부 탄력을 높이고,미세 주름을 촘촘하게 메워 매끄러운 피부를 완성해주..."
282,라인별,동백,/kr/ko/shopping/product/age_control.html,,,에이지 컨트롤 파워 세럼,"37,0",/kr/ko/product/04.Age_Control_Power_Serum.jpg,/kr/ko/shopping/product/skin_care/view.110656109.html,겉으로는 외부 유해 환경으로부터 피부를 보호하고 안으로는 촘촘한 탄력을 부여해 피부 노화로...
283,라인별,동백,/kr/ko/shopping/product/age_control.html,,,에이지 컨트롤 2종 세트,"46,0",/kr/ko/product/age-control-special-set_170101_1.jpg,/kr/ko/shopping/product/skin_care/view.110650539.html,"붉은 꽃, 동백의 강력한 항산화력을 담은 안티에이징 2종 세트"
284,라인별,동백,/kr/ko/shopping/product/age_control.html,,,에이지 컨트롤 에멀젼,"24,0",/kr/ko/product/9.Age_Control_Emulsion.jpg,/kr/ko/shopping/product/skin_care/view.110656114.html,탄력있는 피부를 만들기 위한 충분한 수분과 영양을 함께 공급하여 에이징 케어의 기본을 탄탄...
285,라인별,동백,/kr/ko/shopping/product/age_control.html,,,에이지 컨트롤 스킨 소프너,"22,0",/kr/ko/product/8.Age_Control_Skin_Softener.jpg,/kr/ko/shopping/product/skin_care/view.110656113.html,동안 탄력의 신호로 잠자는 피부를 깨워 영양성분을 깊게 흡수할 수 있는 바탕을 만들어 주는...
286,라인별,동백,/kr/ko/shopping/product/age_control.html,,,에이지 컨트롤 파워 아이크림,"35,0",/kr/ko/product/02.Age_Control_Power_Eye_Cream.jpg,/kr/ko/shopping/product/skin_care/view.110656111.html,"어려 보이는 눈가의 3대 요소인 눈가 탄력과 눈가 주름, 다크서클을 동시에 효과적으로 케어..."
287,라인별,동백,/kr/ko/shopping/product/age_control.html,,,에이지 컨트롤 파워 크림,"37,0",/kr/ko/product/12.Age_Control_Power_Cream.jpg,/kr/ko/shopping/product/skin_care/view.110656110.html,"집중 영양 공급으로 피부 탄력을 높이고,미세 주름을 촘촘하게 메워 매끄러운 피부를 완성해주..."
288,라인별,동백,/kr/ko/shopping/product/age_control.html,,,에이지 컨트롤 파워 세럼,"37,0",/kr/ko/product/04.Age_Control_Power_Serum.jpg,/kr/ko/shopping/product/skin_care/view.110656109.html,겉으로는 외부 유해 환경으로부터 피부를 보호하고 안으로는 촘촘한 탄력을 부여해 피부 노화로...
289,라인별,카렌듈라,/kr/ko/shopping/product/sun_care.html,,,카렌듈라 에브리데이 선크림 SPF50+/PA+++,"13,0",/kr/ko/product/01.Calendula_Everyday_Sun_Cream.jpg,/kr/ko/shopping/product/skin_care/view.110656146.html,"매일매일 자외선으로부터피부를 빈틈 없이 보호하고, 혁신적인 수분 포뮬러가 촉촉함과 부드러움..."
290,라인별,카렌듈라,/kr/ko/shopping/product/sun_care.html,,,카렌듈라 키즈 선쿠션 SPF32/PA++,"20,0",/kr/ko/product/05.Calendula_Kids_Sun_Cushion.jpg,/kr/ko/shopping/product/skin_care/view.110656150.html,"자외선 차단제를 휴대가 편리한 쿠션에 담아, 손에 묻히지 않고 재미있게 사용하는 선쿠션

..."
291,라인별,카렌듈라,/kr/ko/shopping/product/sun_care.html,,,카렌듈라 노세범 선틴트 SPF30/PA++,"15,0",/kr/ko/product/02.Calendula_No-sebum_Sun_Tint.jpg,/kr/ko/shopping/product/skin_care/view.110656147.html,"
생활 자외선 차단은 물론 틴트처럼 보송보송한 사용감과 자연스러운 발색을 부여하는 선틴트
..."
292,라인별,카렌듈라,/kr/ko/shopping/product/sun_care.html,,,카렌듈라 에센스 선밀크 SPF50+/PA+++,"15,0",/kr/ko/product/03.Calendula_Essence_Sun_Milk.jpg,/kr/ko/shopping/product/skin_care/view.110656148.html,물과 땀에 강한 워터프루프 기능과 보습 에센스 성분이 함유되어 강한 자외선으로부터 피부를 ...
293,라인별,카렌듈라,/kr/ko/shopping/product/sun_care.html,,,카렌듈라 에브리데이 선크림 SPF50+/PA+++,"13,0",/kr/ko/product/01.Calendula_Everyday_Sun_Cream.jpg,/kr/ko/shopping/product/skin_care/view.110656146.html,"매일매일 자외선으로부터피부를 빈틈 없이 보호하고, 혁신적인 수분 포뮬러가 촉촉함과 부드러움..."
294,라인별,카렌듈라,/kr/ko/shopping/product/sun_care.html,,,카렌듈라 키즈 선쿠션 SPF32/PA++,"20,0",/kr/ko/product/05.Calendula_Kids_Sun_Cushion.jpg,/kr/ko/shopping/product/skin_care/view.110656150.html,"자외선 차단제를 휴대가 편리한 쿠션에 담아, 손에 묻히지 않고 재미있게 사용하는 선쿠션

..."
295,라인별,카렌듈라,/kr/ko/shopping/product/sun_care.html,,,카렌듈라 노세범 선틴트 SPF30/PA++,"15,0",/kr/ko/product/02.Calendula_No-sebum_Sun_Tint.jpg,/kr/ko/shopping/product/skin_care/view.110656147.html,"
생활 자외선 차단은 물론 틴트처럼 보송보송한 사용감과 자연스러운 발색을 부여하는 선틴트
..."
296,라인별,카렌듈라,/kr/ko/shopping/product/sun_care.html,,,카렌듈라 에센스 선밀크 SPF50+/PA+++,"15,0",/kr/ko/product/03.Calendula_Essence_Sun_Milk.jpg,/kr/ko/shopping/product/skin_care/view.110656148.html,물과 땀에 강한 워터프루프 기능과 보습 에센스 성분이 함유되어 강한 자외선으로부터 피부를 ...
297,라인별,토탈솔루션,/kr/ko/shopping/product/total_solution.html,,,토탈 솔루션 아이크림,"32,0",/kr/ko/product/01.Total_Solution_Eye_Cream.jpg,/kr/ko/shopping/product/skin_care/view.110656120.html,"자꾸만 처지고 연약해지는 눈가 피부의 '탄력, 주름, 칙칙함, 건조' 고민을 한 번에 해결..."
298,라인별,토탈솔루션,/kr/ko/shopping/product/total_solution.html,,,토탈 솔루션 크림,"35,0",/kr/ko/product/04.Total_Solution_Cream.jpg,/kr/ko/shopping/product/skin_care/view.110656119.html,피부 나이를 결정하는 동안 매력 포인트를 해결해주는 토탈 솔루션 크림
299,라인별,포어클린,/kr/ko/shopping/product/pore_corset.html,,,포어 클린 인텐시브 필링,"10,0",/kr/ko/product/Pore_Clean_Intensive_Peeling.jpg,/kr/ko/shopping/product/skin_care/view.110650097.html,"블랙헤드, 화이트 헤드, 묵은 각질을 깨끗하게 정리해 주어 매끈한 피부결을 만들어 주는 어..."
300,라인별,포어클린,/kr/ko/shopping/product/pore_corset.html,,,어성초 포어 클린 블랙헤드 스틱,"9,50",/kr/ko/product/08.Pore_Clean_Blackhead_stick.jpg,/kr/ko/shopping/product/skin_care/view.110656073.html,"블랙헤드, 묵은 각질을 깨끗하게 정리해 주는 블랙헤드 클렌징 스틱.

블랙헤드 & 모공 케..."
301,라인별,포어클린,/kr/ko/shopping/product/pore_corset.html,,,어성초 포어 클린 토너,"18,0",/kr/ko/product/5.Pore_clean_Toner.jpg,/kr/ko/shopping/product/skin_care/view.110656072.html,블랙헤드 및 묵은 각질을 정리해주고 피부 수렴 효과가 뛰어난 어성초 모공 클리닝 토너
302,라인별,포어클린,/kr/ko/shopping/product/pore_corset.html,,,포어 클린 인텐시브 필링,"10,0",/kr/ko/product/Pore_Clean_Intensive_Peeling.jpg,/kr/ko/shopping/product/skin_care/view.110650097.html,"블랙헤드, 화이트 헤드, 묵은 각질을 깨끗하게 정리해 주어 매끈한 피부결을 만들어 주는 어..."
303,라인별,포어클린,/kr/ko/shopping/product/pore_corset.html,,,어성초 포어 클린 블랙헤드 스틱,"9,50",/kr/ko/product/08.Pore_Clean_Blackhead_stick.jpg,/kr/ko/shopping/product/skin_care/view.110656073.html,"블랙헤드, 묵은 각질을 깨끗하게 정리해 주는 블랙헤드 클렌징 스틱.

블랙헤드 & 모공 케..."
304,라인별,포어클린,/kr/ko/shopping/product/pore_corset.html,,,어성초 포어 클린 토너,"18,0",/kr/ko/product/5.Pore_clean_Toner.jpg,/kr/ko/shopping/product/skin_care/view.110656072.html,블랙헤드 및 묵은 각질을 정리해주고 피부 수렴 효과가 뛰어난 어성초 모공 클리닝 토너
305,라인별,AC 밸런스,/kr/ko/shopping/product/anti_trouble.html,,,AC 밸런스 스팟 세럼 15ML,"10,0",/kr/ko/product/ac_balance_spot_serum_01.jpg,/kr/ko/shopping/product/skin_care/view.110650083.html,피부 고민 부위를 진정 시켜 주며 집중적으로 관리 해주는 바하 솔루션 스팟 세럼
306,라인별,AC 밸런스,/kr/ko/shopping/product/anti_trouble.html,,,AC 밸런스 에멀젼 150ML,"15,0",/kr/ko/product/ac_balance_emulsion_01.jpg,/kr/ko/shopping/product/skin_care/view.110650082.html,피부 유ㆍ수분 밸런스를 조절해주며 얇은 수분 막을 형성하여 당김 없이 산뜻하게 촉촉함을 부...
307,라인별,AC 밸런스,/kr/ko/shopping/product/anti_trouble.html,,,AC 밸런스 토너 200ML,"13,0",/kr/ko/product/ac_balance_toner_01.jpg,/kr/ko/shopping/product/skin_care/view.110650081.html,묵은 각질과 노폐물을 부드럽게 닦아 내고 과다하게 분비된 피지를 케어해 주어 피부를 청량하...
308,라인별,AC 밸런스,/kr/ko/shopping/product/anti_trouble.html,,,AC 밸런스 마일드 폼 150ML,"9,00",/kr/ko/product/ac_balance_mild_foam_01.jpg,/kr/ko/shopping/product/skin_care/view.110650080.html,풍성한 거품이 각질을 제거하고 막힌 모공 속까지 부드럽게 씻어내어 트러블 케어에 도움을 주...
309,라인별,AC 밸런스,/kr/ko/shopping/product/anti_trouble.html,,,AC 밸런스 스팟 패치 12매,"1,50",/kr/ko/product/ac_balance_spot_petch_01.jpg,/kr/ko/shopping/product/skin_care/view.110650095.html,피부 고민 부위를 진정 시켜 주는 투명 필름 타입 스팟 패치
310,라인별,AC 밸런스,/kr/ko/shopping/product/anti_trouble.html,,,AC 밸런스 스팟 세럼 15ML,"10,0",/kr/ko/product/ac_balance_spot_serum_01.jpg,/kr/ko/shopping/product/skin_care/view.110650083.html,피부 고민 부위를 진정 시켜 주며 집중적으로 관리 해주는 바하 솔루션 스팟 세럼
311,라인별,AC 밸런스,/kr/ko/shopping/product/anti_trouble.html,,,AC 밸런스 에멀젼 150ML,"15,0",/kr/ko/product/ac_balance_emulsion_01.jpg,/kr/ko/shopping/product/skin_care/view.110650082.html,피부 유ㆍ수분 밸런스를 조절해주며 얇은 수분 막을 형성하여 당김 없이 산뜻하게 촉촉함을 부...
312,라인별,AC 밸런스,/kr/ko/shopping/product/anti_trouble.html,,,AC 밸런스 토너 200ML,"13,0",/kr/ko/product/ac_balance_toner_01.jpg,/kr/ko/shopping/product/skin_care/view.110650081.html,묵은 각질과 노폐물을 부드럽게 닦아 내고 과다하게 분비된 피지를 케어해 주어 피부를 청량하...
313,라인별,AC 밸런스,/kr/ko/shopping/product/anti_trouble.html,,,AC 밸런스 마일드 폼 150ML,"9,00",/kr/ko/product/ac_balance_mild_foam_01.jpg,/kr/ko/shopping/product/skin_care/view.110650080.html,풍성한 거품이 각질을 제거하고 막힌 모공 속까지 부드럽게 씻어내어 트러블 케어에 도움을 주...
314,라인별,AC 밸런스,/kr/ko/shopping/product/anti_trouble.html,,,AC 밸런스 스팟 패치 12매,"1,50",/kr/ko/product/ac_balance_spot_petch_01.jpg,/kr/ko/shopping/product/skin_care/view.110650095.html,피부 고민 부위를 진정 시켜 주는 투명 필름 타입 스팟 패치
315,라인별,달맞이꽃,/kr/ko/shopping/product/line_nutri.html,,,인리치드 뉴트리 오일,"22,0",/kr/ko/product/20161006/Enriched_Nutri_Oil_01.jpg,/kr/ko/shopping/product/skin_care/view.110650303.html,메마른 피부에 영양을 가득 채워주는 99.7% 천연유래 페이셜 오일
316,라인별,달맞이꽃,/kr/ko/shopping/product/line_nutri.html,,,인리치드 뉴트리 크림,"20,0",/kr/ko/product/20161006/Enriched_Nutri_Cream_01.jpg,/kr/ko/shopping/product/skin_care/view.110650236.html,"건조하고 메마른 피부를 건강하고 촉촉하게 가꿔주는 고영양 크림
"
317,라인별,달맞이꽃,/kr/ko/shopping/product/line_nutri.html,,,인리치드 뉴트리 오일 세럼,"22,0",/kr/ko/product/20161006/Enriched_Nutri_Oil_Serum_01.jpg,/kr/ko/shopping/product/skin_care/view.110650235.html,건조하고 메마른 피부를 건강하고 촉촉하게 가꿔주는 고영양 오일 세럼
318,라인별,달맞이꽃,/kr/ko/shopping/product/line_nutri.html,,,인리치드 뉴트리 에멀젼,"18,0",/kr/ko/product/20161006/Enriched_Nutri_Emulsion_01.jpg,/kr/ko/shopping/product/skin_care/view.110650234.html,건조하고 메마른 피부를 건강하고 촉촉하게 가꿔주는 고영양 에멀젼
319,라인별,달맞이꽃,/kr/ko/shopping/product/line_nutri.html,,,인리치드 뉴트리 스킨소프너,"16,0",/kr/ko/product/20161006/Enriched_Nutri_Skin_Softener_01.jpg,/kr/ko/shopping/product/skin_care/view.110650233.html,건조하고 메마른 피부를 건강하고 촉촉하게 가꿔주는 고영양 스킨
320,라인별,달맞이꽃,/kr/ko/shopping/product/line_nutri.html,,,인리치드 뉴트리 아이크림,"20,0",/kr/ko/product/enriched-nutri-eye-cream_170101_1.jpg,/kr/ko/shopping/product/skin_care/view.110650239.html,"연약한 눈가에 탄력과 영양을 주는 고영양 아이크림
"
321,라인별,달맞이꽃,/kr/ko/shopping/product/line_nutri.html,,,인리치드 뉴트리 오일,"22,0",/kr/ko/product/20161006/Enriched_Nutri_Oil_01.jpg,/kr/ko/shopping/product/skin_care/view.110650303.html,메마른 피부에 영양을 가득 채워주는 99.7% 천연유래 페이셜 오일
322,라인별,달맞이꽃,/kr/ko/shopping/product/line_nutri.html,,,인리치드 뉴트리 크림,"20,0",/kr/ko/product/20161006/Enriched_Nutri_Cream_01.jpg,/kr/ko/shopping/product/skin_care/view.110650236.html,"건조하고 메마른 피부를 건강하고 촉촉하게 가꿔주는 고영양 크림
"
323,라인별,달맞이꽃,/kr/ko/shopping/product/line_nutri.html,,,인리치드 뉴트리 오일 세럼,"22,0",/kr/ko/product/20161006/Enriched_Nutri_Oil_Serum_01.jpg,/kr/ko/shopping/product/skin_care/view.110650235.html,건조하고 메마른 피부를 건강하고 촉촉하게 가꿔주는 고영양 오일 세럼
324,라인별,달맞이꽃,/kr/ko/shopping/product/line_nutri.html,,,인리치드 뉴트리 에멀젼,"18,0",/kr/ko/product/20161006/Enriched_Nutri_Emulsion_01.jpg,/kr/ko/shopping/product/skin_care/view.110650234.html,건조하고 메마른 피부를 건강하고 촉촉하게 가꿔주는 고영양 에멀젼
325,라인별,달맞이꽃,/kr/ko/shopping/product/line_nutri.html,,,인리치드 뉴트리 스킨소프너,"16,0",/kr/ko/product/20161006/Enriched_Nutri_Skin_Softener_01.jpg,/kr/ko/shopping/product/skin_care/view.110650233.html,건조하고 메마른 피부를 건강하고 촉촉하게 가꿔주는 고영양 스킨
326,라인별,달맞이꽃,/kr/ko/shopping/product/line_nutri.html,,,인리치드 뉴트리 아이크림,"20,0",/kr/ko/product/enriched-nutri-eye-cream_170101_1.jpg,/kr/ko/shopping/product/skin_care/view.110650239.html,"연약한 눈가에 탄력과 영양을 주는 고영양 아이크림
"
327,피부고민별,수분/보습,/kr/ko/shopping/product/type_moisture.html,,,맨 모이스처 컨트롤 세트 2종,"32,0",/kr/ko/product/20160614/Moisture_control_set_2_01.jpg,/kr/ko/shopping/product/skin_care/view.110650009.html,산뜻한 향의 대나무 수액 성분이 함유된 수분감이 풍부한 스킨/로션 세트
328,피부고민별,수분/보습,/kr/ko/shopping/product/type_moisture.html,,,모이스처 세라마이드 인텐스 크림,"29,0",/kr/ko/product/05_Moisture_Ceramide_Intense_cream.jpg,/kr/ko/shopping/product/skin_care/view.110656116.html,빈틈 없는 밀착 보습을 통해 튼튼한 피부 장벽을 만들어 주는 무궁화 보습 장벽 크림
329,피부고민별,수분/보습,/kr/ko/shopping/product/type_moisture.html,,,모이스처 세라마이드 라이트 크림,"29,0",/kr/ko/product/Moisture_Ceramide_Light_cream.jpg,/kr/ko/shopping/product/skin_care/view.110656117.html,빈틈 없는 밀착 보습을 통해 튼튼한 피부 장벽을 만들어 주는 무궁화 보습 장벽 크림
330,피부고민별,수분/보습,/kr/ko/shopping/product/type_moisture.html,,,로즈 워터 쿠션 크림,"15,0",/kr/ko/product/Rose_Water_Cushion_Cream.jpg,/kr/ko/shopping/product/skin_care/view.110650185.html,물 대신 장미수 80.33%를 함유하여 피부를 시원하고 촉촉하게 마무리 시켜주는 장미수 올...
331,피부고민별,수분/보습,/kr/ko/shopping/product/type_moisture.html,,,모이스처 세라마이드  슬리핑 필링 마스크,"19,0",/kr/ko/product/06.Moisture_Ceramide_Sleeping_Peeling_Mask.jpg,/kr/ko/shopping/product/skin_care/view.110656118.html,잠자는 사이 묵은 각질을 부드럽게 녹여 주고 밀착 보습막을 형성하여 튼튼한 피부 장벽을 만...
332,피부고민별,수분/보습,/kr/ko/shopping/product/type_moisture.html,,,플로랄 하이드로 미스트,"12,0",/kr/ko/product/16.Floral_Hydro_mist.jpg,/kr/ko/shopping/product/skin_care/view.110656091.html,"피부가 달아오르고 건조할 때, 상쾌한 수선화 수분이 메마른 피부를 촉촉하게 채워주어 쿨링 ..."
333,피부고민별,수분/보습,/kr/ko/shopping/product/type_moisture.html,,,플로랄 하이드로 에멀젼,"17,0",/kr/ko/product/2.Floral_Hydro_emulsion.jpg,/kr/ko/shopping/product/skin_care/view.110656099.html,"수선화 수분 저장 에멀젼
산뜻하게 흡수되고 뛰어난 수분 보유력으로
오래도록 촉촉함을 남겨주..."
334,피부고민별,수분/보습,/kr/ko/shopping/product/type_moisture.html,,,플로랄 하이드로 스킨소프너,"15,0",/kr/ko/product/01.Floral_Hydro%20skin_softener.jpg,/kr/ko/shopping/product/skin_care/view.110656098.html,"수선화 수분 진정 스킨
피부 속 깊숙이 흡수되어 탈수된 피부를 촉촉하게 진정시켜주는 수분 ..."
335,피부고민별,수분/보습,/kr/ko/shopping/product/type_moisture.html,,,맨 올인원 에센스,"25,0",/kr/ko/product/product/07.MEN_All_in_one_Essence.jpg,/kr/ko/shopping/product/man/view.110656121.html,"유해 환경에 노출이 잦은 남자 피부의 5가지 고민을 간편하게 해결해주는, 스킨+로션+에센스..."
336,피부고민별,수분/보습,/kr/ko/shopping/product/type_moisture.html,,,퍼스트 에너지 에센스,"28,0",/kr/ko/product/02.First_Energy_Essence.jpg,/kr/ko/shopping/product/skin_care/view.110656096.html,"
촘촘한 탄력으로 안부터 탱탱한 피부
탱탱 부스팅 금은화 꽃초 에센스
(주름개선, 미백기능..."
337,피부고민별,수분/보습,/kr/ko/shopping/product/type_moisture.html,,,로즈워터 멀티 수딩젤,"9,00",/kr/ko/product/08.Rose_Water_Multi_Soothing_Gel.jpg,/kr/ko/shopping/product/skin_care/view.110656095.html,"바르는 순간, 냉장고에서 갓 꺼낸 듯!
시원한 장미수가 달아오른 피부를
진정시키는 장미수 ..."
338,피부고민별,수분/보습,/kr/ko/shopping/product/type_moisture.html,,,플로랄 하이드로 크림,"27,0",/kr/ko/product/07.Floral_Hydro_Cream.jpg,/kr/ko/shopping/product/skin_care/view.110656100.html,"수선화 수분 저장 크림
수선화 알뿌리 수분 저장력과 저분자 자연추출 수선화 꽃수 67%의 ..."
339,피부고민별,수분/보습,/kr/ko/shopping/product/type_moisture.html,,,맨 모이스처 컨트롤 세트 2종,"32,0",/kr/ko/product/20160614/Moisture_control_set_2_01.jpg,/kr/ko/shopping/product/skin_care/view.110650009.html,산뜻한 향의 대나무 수액 성분이 함유된 수분감이 풍부한 스킨/로션 세트
340,피부고민별,수분/보습,/kr/ko/shopping/product/type_moisture.html,,,모이스처 세라마이드 인텐스 크림,"29,0",/kr/ko/product/05_Moisture_Ceramide_Intense_cream.jpg,/kr/ko/shopping/product/skin_care/view.110656116.html,빈틈 없는 밀착 보습을 통해 튼튼한 피부 장벽을 만들어 주는 무궁화 보습 장벽 크림
341,피부고민별,수분/보습,/kr/ko/shopping/product/type_moisture.html,,,모이스처 세라마이드 라이트 크림,"29,0",/kr/ko/product/Moisture_Ceramide_Light_cream.jpg,/kr/ko/shopping/product/skin_care/view.110656117.html,빈틈 없는 밀착 보습을 통해 튼튼한 피부 장벽을 만들어 주는 무궁화 보습 장벽 크림
342,피부고민별,수분/보습,/kr/ko/shopping/product/type_moisture.html,,,로즈 워터 쿠션 크림,"15,0",/kr/ko/product/Rose_Water_Cushion_Cream.jpg,/kr/ko/shopping/product/skin_care/view.110650185.html,물 대신 장미수 80.33%를 함유하여 피부를 시원하고 촉촉하게 마무리 시켜주는 장미수 올...
343,피부고민별,수분/보습,/kr/ko/shopping/product/type_moisture.html,,,모이스처 세라마이드  슬리핑 필링 마스크,"19,0",/kr/ko/product/06.Moisture_Ceramide_Sleeping_Peeling_Mask.jpg,/kr/ko/shopping/product/skin_care/view.110656118.html,잠자는 사이 묵은 각질을 부드럽게 녹여 주고 밀착 보습막을 형성하여 튼튼한 피부 장벽을 만...
344,피부고민별,수분/보습,/kr/ko/shopping/product/type_moisture.html,,,플로랄 하이드로 미스트,"12,0",/kr/ko/product/16.Floral_Hydro_mist.jpg,/kr/ko/shopping/product/skin_care/view.110656091.html,"피부가 달아오르고 건조할 때, 상쾌한 수선화 수분이 메마른 피부를 촉촉하게 채워주어 쿨링 ..."
345,피부고민별,수분/보습,/kr/ko/shopping/product/type_moisture.html,,,플로랄 하이드로 에멀젼,"17,0",/kr/ko/product/2.Floral_Hydro_emulsion.jpg,/kr/ko/shopping/product/skin_care/view.110656099.html,"수선화 수분 저장 에멀젼
산뜻하게 흡수되고 뛰어난 수분 보유력으로
오래도록 촉촉함을 남겨주..."
346,피부고민별,수분/보습,/kr/ko/shopping/product/type_moisture.html,,,플로랄 하이드로 스킨소프너,"15,0",/kr/ko/product/01.Floral_Hydro%20skin_softener.jpg,/kr/ko/shopping/product/skin_care/view.110656098.html,"수선화 수분 진정 스킨
피부 속 깊숙이 흡수되어 탈수된 피부를 촉촉하게 진정시켜주는 수분 ..."
347,피부고민별,수분/보습,/kr/ko/shopping/product/type_moisture.html,,,맨 올인원 에센스,"25,0",/kr/ko/product/product/07.MEN_All_in_one_Essence.jpg,/kr/ko/shopping/product/man/view.110656121.html,"유해 환경에 노출이 잦은 남자 피부의 5가지 고민을 간편하게 해결해주는, 스킨+로션+에센스..."
348,피부고민별,수분/보습,/kr/ko/shopping/product/type_moisture.html,,,퍼스트 에너지 에센스,"28,0",/kr/ko/product/02.First_Energy_Essence.jpg,/kr/ko/shopping/product/skin_care/view.110656096.html,"
촘촘한 탄력으로 안부터 탱탱한 피부
탱탱 부스팅 금은화 꽃초 에센스
(주름개선, 미백기능..."
349,피부고민별,수분/보습,/kr/ko/shopping/product/type_moisture.html,,,로즈워터 멀티 수딩젤,"9,00",/kr/ko/product/08.Rose_Water_Multi_Soothing_Gel.jpg,/kr/ko/shopping/product/skin_care/view.110656095.html,"바르는 순간, 냉장고에서 갓 꺼낸 듯!
시원한 장미수가 달아오른 피부를
진정시키는 장미수 ..."
350,피부고민별,수분/보습,/kr/ko/shopping/product/type_moisture.html,,,플로랄 하이드로 크림,"27,0",/kr/ko/product/07.Floral_Hydro_Cream.jpg,/kr/ko/shopping/product/skin_care/view.110656100.html,"수선화 수분 저장 크림
수선화 알뿌리 수분 저장력과 저분자 자연추출 수선화 꽃수 67%의 ..."
351,피부고민별,안티에이징,/kr/ko/shopping/product/type_anti_aging.html,,,에이지 컨트롤 2종 세트,"46,0",/kr/ko/product/age-control-special-set_170101_1.jpg,/kr/ko/shopping/product/skin_care/view.110650539.html,"붉은 꽃, 동백의 강력한 항산화력을 담은 안티에이징 2종 세트"
352,피부고민별,안티에이징,/kr/ko/shopping/product/type_anti_aging.html,,,에이지 컨트롤 에멀젼,"24,0",/kr/ko/product/9.Age_Control_Emulsion.jpg,/kr/ko/shopping/product/skin_care/view.110656114.html,탄력있는 피부를 만들기 위한 충분한 수분과 영양을 함께 공급하여 에이징 케어의 기본을 탄탄...
353,피부고민별,안티에이징,/kr/ko/shopping/product/type_anti_aging.html,,,에이지 컨트롤 스킨 소프너,"22,0",/kr/ko/product/8.Age_Control_Skin_Softener.jpg,/kr/ko/shopping/product/skin_care/view.110656113.html,동안 탄력의 신호로 잠자는 피부를 깨워 영양성분을 깊게 흡수할 수 있는 바탕을 만들어 주는...
354,피부고민별,안티에이징,/kr/ko/shopping/product/type_anti_aging.html,,,에이지 컨트롤 파워 아이크림,"35,0",/kr/ko/product/02.Age_Control_Power_Eye_Cream.jpg,/kr/ko/shopping/product/skin_care/view.110656111.html,"어려 보이는 눈가의 3대 요소인 눈가 탄력과 눈가 주름, 다크서클을 동시에 효과적으로 케어..."
355,피부고민별,안티에이징,/kr/ko/shopping/product/type_anti_aging.html,,,에이지 컨트롤 파워 크림,"37,0",/kr/ko/product/12.Age_Control_Power_Cream.jpg,/kr/ko/shopping/product/skin_care/view.110656110.html,"집중 영양 공급으로 피부 탄력을 높이고,미세 주름을 촘촘하게 메워 매끄러운 피부를 완성해주..."
356,피부고민별,안티에이징,/kr/ko/shopping/product/type_anti_aging.html,,,에이지 컨트롤 파워 세럼,"37,0",/kr/ko/product/04.Age_Control_Power_Serum.jpg,/kr/ko/shopping/product/skin_care/view.110656109.html,겉으로는 외부 유해 환경으로부터 피부를 보호하고 안으로는 촘촘한 탄력을 부여해 피부 노화로...
357,피부고민별,안티에이징,/kr/ko/shopping/product/type_anti_aging.html,,,토탈 솔루션 아이크림,"32,0",/kr/ko/product/01.Total_Solution_Eye_Cream.jpg,/kr/ko/shopping/product/skin_care/view.110656120.html,"자꾸만 처지고 연약해지는 눈가 피부의 '탄력, 주름, 칙칙함, 건조' 고민을 한 번에 해결..."
358,피부고민별,안티에이징,/kr/ko/shopping/product/type_anti_aging.html,,,토탈 솔루션 크림,"35,0",/kr/ko/product/04.Total_Solution_Cream.jpg,/kr/ko/shopping/product/skin_care/view.110656119.html,피부 나이를 결정하는 동안 매력 포인트를 해결해주는 토탈 솔루션 크림
359,피부고민별,안티에이징,/kr/ko/shopping/product/type_anti_aging.html,,,에이지 컨트롤 2종 세트,"46,0",/kr/ko/product/age-control-special-set_170101_1.jpg,/kr/ko/shopping/product/skin_care/view.110650539.html,"붉은 꽃, 동백의 강력한 항산화력을 담은 안티에이징 2종 세트"
360,피부고민별,안티에이징,/kr/ko/shopping/product/type_anti_aging.html,,,에이지 컨트롤 에멀젼,"24,0",/kr/ko/product/9.Age_Control_Emulsion.jpg,/kr/ko/shopping/product/skin_care/view.110656114.html,탄력있는 피부를 만들기 위한 충분한 수분과 영양을 함께 공급하여 에이징 케어의 기본을 탄탄...
361,피부고민별,안티에이징,/kr/ko/shopping/product/type_anti_aging.html,,,에이지 컨트롤 스킨 소프너,"22,0",/kr/ko/product/8.Age_Control_Skin_Softener.jpg,/kr/ko/shopping/product/skin_care/view.110656113.html,동안 탄력의 신호로 잠자는 피부를 깨워 영양성분을 깊게 흡수할 수 있는 바탕을 만들어 주는...
362,피부고민별,안티에이징,/kr/ko/shopping/product/type_anti_aging.html,,,에이지 컨트롤 파워 아이크림,"35,0",/kr/ko/product/02.Age_Control_Power_Eye_Cream.jpg,/kr/ko/shopping/product/skin_care/view.110656111.html,"어려 보이는 눈가의 3대 요소인 눈가 탄력과 눈가 주름, 다크서클을 동시에 효과적으로 케어..."
363,피부고민별,안티에이징,/kr/ko/shopping/product/type_anti_aging.html,,,에이지 컨트롤 파워 크림,"37,0",/kr/ko/product/12.Age_Control_Power_Cream.jpg,/kr/ko/shopping/product/skin_care/view.110656110.html,"집중 영양 공급으로 피부 탄력을 높이고,미세 주름을 촘촘하게 메워 매끄러운 피부를 완성해주..."
364,피부고민별,안티에이징,/kr/ko/shopping/product/type_anti_aging.html,,,에이지 컨트롤 파워 세럼,"37,0",/kr/ko/product/04.Age_Control_Power_Serum.jpg,/kr/ko/shopping/product/skin_care/view.110656109.html,겉으로는 외부 유해 환경으로부터 피부를 보호하고 안으로는 촘촘한 탄력을 부여해 피부 노화로...
365,피부고민별,안티에이징,/kr/ko/shopping/product/type_anti_aging.html,,,토탈 솔루션 아이크림,"32,0",/kr/ko/product/01.Total_Solution_Eye_Cream.jpg,/kr/ko/shopping/product/skin_care/view.110656120.html,"자꾸만 처지고 연약해지는 눈가 피부의 '탄력, 주름, 칙칙함, 건조' 고민을 한 번에 해결..."
366,피부고민별,안티에이징,/kr/ko/shopping/product/type_anti_aging.html,,,토탈 솔루션 크림,"35,0",/kr/ko/product/04.Total_Solution_Cream.jpg,/kr/ko/shopping/product/skin_care/view.110656119.html,피부 나이를 결정하는 동안 매력 포인트를 해결해주는 토탈 솔루션 크림
367,피부고민별,트러블,/kr/ko/shopping/product/type_trouble.html,,,AC 밸런스 스팟 세럼 15ML,"10,0",/kr/ko/product/ac_balance_spot_serum_01.jpg,/kr/ko/shopping/product/skin_care/view.110650083.html,피부 고민 부위를 진정 시켜 주며 집중적으로 관리 해주는 바하 솔루션 스팟 세럼
368,피부고민별,트러블,/kr/ko/shopping/product/type_trouble.html,,,AC 밸런스 에멀젼 150ML,"15,0",/kr/ko/product/ac_balance_emulsion_01.jpg,/kr/ko/shopping/product/skin_care/view.110650082.html,피부 유ㆍ수분 밸런스를 조절해주며 얇은 수분 막을 형성하여 당김 없이 산뜻하게 촉촉함을 부...
369,피부고민별,트러블,/kr/ko/shopping/product/type_trouble.html,,,AC 밸런스 토너 200ML,"13,0",/kr/ko/product/ac_balance_toner_01.jpg,/kr/ko/shopping/product/skin_care/view.110650081.html,묵은 각질과 노폐물을 부드럽게 닦아 내고 과다하게 분비된 피지를 케어해 주어 피부를 청량하...
370,피부고민별,트러블,/kr/ko/shopping/product/type_trouble.html,,,AC 밸런스 마일드 폼 150ML,"9,00",/kr/ko/product/ac_balance_mild_foam_01.jpg,/kr/ko/shopping/product/skin_care/view.110650080.html,풍성한 거품이 각질을 제거하고 막힌 모공 속까지 부드럽게 씻어내어 트러블 케어에 도움을 주...
371,피부고민별,트러블,/kr/ko/shopping/product/type_trouble.html,,,AC 밸런스 스팟 패치 12매,"1,50",/kr/ko/product/ac_balance_spot_petch_01.jpg,/kr/ko/shopping/product/skin_care/view.110650095.html,피부 고민 부위를 진정 시켜 주는 투명 필름 타입 스팟 패치
372,피부고민별,트러블,/kr/ko/shopping/product/type_trouble.html,,,AC 밸런스 스팟 세럼 15ML,"10,0",/kr/ko/product/ac_balance_spot_serum_01.jpg,/kr/ko/shopping/product/skin_care/view.110650083.html,피부 고민 부위를 진정 시켜 주며 집중적으로 관리 해주는 바하 솔루션 스팟 세럼
373,피부고민별,트러블,/kr/ko/shopping/product/type_trouble.html,,,AC 밸런스 에멀젼 150ML,"15,0",/kr/ko/product/ac_balance_emulsion_01.jpg,/kr/ko/shopping/product/skin_care/view.110650082.html,피부 유ㆍ수분 밸런스를 조절해주며 얇은 수분 막을 형성하여 당김 없이 산뜻하게 촉촉함을 부...
374,피부고민별,트러블,/kr/ko/shopping/product/type_trouble.html,,,AC 밸런스 토너 200ML,"13,0",/kr/ko/product/ac_balance_toner_01.jpg,/kr/ko/shopping/product/skin_care/view.110650081.html,묵은 각질과 노폐물을 부드럽게 닦아 내고 과다하게 분비된 피지를 케어해 주어 피부를 청량하...
375,피부고민별,트러블,/kr/ko/shopping/product/type_trouble.html,,,AC 밸런스 마일드 폼 150ML,"9,00",/kr/ko/product/ac_balance_mild_foam_01.jpg,/kr/ko/shopping/product/skin_care/view.110650080.html,풍성한 거품이 각질을 제거하고 막힌 모공 속까지 부드럽게 씻어내어 트러블 케어에 도움을 주...
376,피부고민별,트러블,/kr/ko/shopping/product/type_trouble.html,,,AC 밸런스 스팟 패치 12매,"1,50",/kr/ko/product/ac_balance_spot_petch_01.jpg,/kr/ko/shopping/product/skin_care/view.110650095.html,피부 고민 부위를 진정 시켜 주는 투명 필름 타입 스팟 패치
377,피부고민별,미백,/kr/ko/shopping/product/type_whitening.html,,,퓨어화이트 울트라액티브 에멀젼,"24,0",/kr/ko/product/4.Pure_White_Ultra_Active_emulsion.jpg,/kr/ko/shopping/product/skin_care/view.110656135.html,피부 칙칙함은 지워주고 탱탱함은 채워주는 탄력미백 로션[미백 기능성]
378,피부고민별,미백,/kr/ko/shopping/product/type_whitening.html,,,퓨어화이트 울트라액티브 스킨소프너,"22,0",/kr/ko/product/3.Pure_White_Ultra_Active_skin_softener.jpg,/kr/ko/shopping/product/skin_care/view.110656134.html,피부 칙칙함은 지워주고 탱탱함은 채워주는 탄력미백 젤스킨 [미백기능성]
379,피부고민별,미백,/kr/ko/shopping/product/type_whitening.html,,,퓨어화이트 울트라액티브 크림,"35,0",/kr/ko/product/PWUA_Cream_GSET.jpg,/kr/ko/shopping/product/skin_care/view.110656137.html,"탄력미백막이 피부를 보호하여 피부 칙칙함과 탄력저하를 동시에 방어해주는 탄력미백크림
[미백..."
380,피부고민별,미백,/kr/ko/shopping/product/type_whitening.html,,,퓨어화이트 울트라액티브 에센스,"35,0",/kr/ko/product/PWUA_Essence_GSET.jpg,/kr/ko/shopping/product/skin_care/view.110656136.html,자목련 생기 캡슐과 투명 탄력 미백젤이 피부 칙칙함은 지우고 건강한 생기는 증가시켜 동안 ...
381,피부고민별,모공,/kr/ko/shopping/product/type_pore.html,,,포어 클린 인텐시브 필링,"10,0",/kr/ko/product/Pore_Clean_Intensive_Peeling.jpg,/kr/ko/shopping/product/skin_care/view.110650097.html,"블랙헤드, 화이트 헤드, 묵은 각질을 깨끗하게 정리해 주어 매끈한 피부결을 만들어 주는 어..."
382,피부고민별,모공,/kr/ko/shopping/product/type_pore.html,,,어성초 포어 클린 블랙헤드 스틱,"9,50",/kr/ko/product/08.Pore_Clean_Blackhead_stick.jpg,/kr/ko/shopping/product/skin_care/view.110656073.html,"블랙헤드, 묵은 각질을 깨끗하게 정리해 주는 블랙헤드 클렌징 스틱.

블랙헤드 & 모공 케..."
383,피부고민별,모공,/kr/ko/shopping/product/type_pore.html,,,어성초 포어 클린 토너,"18,0",/kr/ko/product/5.Pore_clean_Toner.jpg,/kr/ko/shopping/product/skin_care/view.110656072.html,블랙헤드 및 묵은 각질을 정리해주고 피부 수렴 효과가 뛰어난 어성초 모공 클리닝 토너
384,피부고민별,모공,/kr/ko/shopping/product/type_pore.html,,,퍼스트 에너지 에센스,"28,0",/kr/ko/product/02.First_Energy_Essence.jpg,/kr/ko/shopping/product/skin_care/view.110656096.html,"
촘촘한 탄력으로 안부터 탱탱한 피부
탱탱 부스팅 금은화 꽃초 에센스
(주름개선, 미백기능..."
385,피부고민별,영양/부스팅,/kr/ko/shopping/product/type_nutrition.html,,,퍼스트 에너지 에센스,"28,0",/kr/ko/product/02.First_Energy_Essence.jpg,/kr/ko/shopping/product/skin_care/view.110656096.html,"
촘촘한 탄력으로 안부터 탱탱한 피부
탱탱 부스팅 금은화 꽃초 에센스
(주름개선, 미백기능..."
386,피부고민별,영양/부스팅,/kr/ko/shopping/product/type_nutrition.html,,,퍼스트 에너지 세럼,"28,0",/kr/ko/product/03.First_Energy_Serum.jpg,/kr/ko/shopping/product/skin_care/view.110656097.html,"촘촘한 탄력으로 안부터 탱탱한 피부
탱탱부스팅 금은화 꽃초 세럼
(주름개선, 미백기능성)"
387,피부고민별,영양/부스팅,/kr/ko/shopping/product/type_nutrition.html,,,인리치드 뉴트리 아이크림,"20,0",/kr/ko/product/enriched-nutri-eye-cream_170101_1.jpg,/kr/ko/shopping/product/skin_care/view.110650239.html,"연약한 눈가에 탄력과 영양을 주는 고영양 아이크림
"
388,피부고민별,영양/부스팅,/kr/ko/shopping/product/type_nutrition.html,,,퍼스트 에너지 에센스,"28,0",/kr/ko/product/02.First_Energy_Essence.jpg,/kr/ko/shopping/product/skin_care/view.110656096.html,"
촘촘한 탄력으로 안부터 탱탱한 피부
탱탱 부스팅 금은화 꽃초 에센스
(주름개선, 미백기능..."
389,피부고민별,영양/부스팅,/kr/ko/shopping/product/type_nutrition.html,,,퍼스트 에너지 세럼,"28,0",/kr/ko/product/03.First_Energy_Serum.jpg,/kr/ko/shopping/product/skin_care/view.110656097.html,"촘촘한 탄력으로 안부터 탱탱한 피부
탱탱부스팅 금은화 꽃초 세럼
(주름개선, 미백기능성)"
390,피부고민별,영양/부스팅,/kr/ko/shopping/product/type_nutrition.html,,,인리치드 뉴트리 아이크림,"20,0",/kr/ko/product/enriched-nutri-eye-cream_170101_1.jpg,/kr/ko/shopping/product/skin_care/view.110650239.html,"연약한 눈가에 탄력과 영양을 주는 고영양 아이크림
"